season,team,conference,total_wins,total_losses,sp_rating,sp_rank,talent_top40,talent_top40_rank,bcr,bcr_rank,bluechips,bluechips_rank,roster_n,proven_vets,proven_vets_rank,returning_prod,returning_prod_rank,dev_total,dev_total_rank,achievement,achievement_rank,ach_offense,ach_defense,stale_2026_roster
2016,Michigan,Big Ten,10.0,3.0,24.4,6.0,32.0851,1.0,0.1259,3.0,18,1.0,143,,,,,762.9192719207385,9.0,5.64,43.0,-1.57,6.94,False
2016,Alabama,SEC,14.0,1.0,31.7,1.0,29.316899999999997,2.0,0.1163,7.0,15,4.0,129,,,,,779.8141034869947,7.0,15.86,12.0,4.73,11.18,False
2016,Stanford,ACC,10.0,3.0,16.4,13.0,27.854800000000004,3.0,0.0865,18.0,9,18.0,104,,,,,522.2023366462874,62.0,2.1,58.0,-3.48,3.2,False
2016,South Carolina,SEC,6.0,7.0,-4.0,85.0,25.769199999999998,4.0,0.0598,21.0,7,21.0,117,,,,,659.2047906286202,34.0,-16.1,116.0,-11.15,-5.49,False
2016,Texas,SEC,5.0,7.0,10.6,36.0,25.265200000000004,5.0,0.1333,2.0,16,3.0,120,,,,,592.6209043190503,51.0,-0.96,72.0,3.75,-4.47,False
2016,Notre Dame,FBS Independents,4.0,8.0,15.7,18.0,24.959200000000003,6.0,0.1026,12.0,12,11.0,117,,,,,,,4.46,48.0,5.87,-0.68,False
2016,Georgia,SEC,8.0,5.0,9.3,42.0,24.4357,7.0,0.1145,8.0,15,4.0,131,,,,,492.12531810317034,68.0,-1.39,73.0,-5.32,5.25,False
2016,Miami,ACC,9.0,4.0,18.6,12.0,23.7216,8.0,0.0965,14.0,11,12.0,114,,,,,811.6872955319058,4.0,8.66,30.0,1.07,6.0,False
2016,Illinois,Big Ten,3.0,9.0,-6.7,94.0,23.4846,9.0,0.04,30.0,4,29.0,100,,,,,660.170582511182,33.0,-16.39,118.0,-10.24,-6.05,False
2016,Georgia Tech,ACC,9.0,4.0,7.8,48.0,23.302300000000002,10.0,0.036,36.0,4,29.0,111,,,,,438.92790230720425,73.0,-1.69,74.0,2.13,-4.94,False
2016,Auburn,SEC,8.0,5.0,15.3,21.0,23.281699999999997,11.0,0.0917,16.0,11,12.0,120,,,,,609.7024992460313,45.0,5.83,42.0,-0.76,5.18,False
2016,Army,American Athletic,8.0,5.0,-9.9,102.0,22.4917,12.0,0.013,79.0,2,57.0,154,,,,,,,-18.54,124.0,-10.34,-5.13,False
2016,Arkansas,SEC,7.0,6.0,7.9,47.0,22.357499999999998,13.0,0.0484,24.0,6,24.0,124,,,,,673.760556478689,25.0,-0.6,67.0,3.71,-4.74,False
2016,Ohio State,Big Ten,11.0,2.0,22.4,10.0,22.1626,14.0,0.1525,1.0,18,1.0,118,,,,,663.9681055741787,31.0,14.11,16.0,3.19,9.28,False
2016,UCLA,Big Ten,4.0,8.0,9.1,44.0,22.1542,15.0,0.0991,13.0,11,12.0,111,,,,,687.0601125699983,22.0,0.82,62.0,-4.91,6.99,False
2016,Ole Miss,SEC,5.0,7.0,12.4,25.0,21.792499999999997,16.0,0.122,5.0,15,4.0,123,,,,,531.9348557244551,59.0,4.5,47.0,6.64,-3.39,False
2016,Florida State,ACC,10.0,3.0,24.0,7.0,21.5569,17.0,0.1032,11.0,13,9.0,126,,,,,714.325903501612,17.0,16.35,11.0,10.43,5.86,False
2016,SMU,ACC,5.0,7.0,-10.8,104.0,21.368899999999996,18.0,0.0,105.0,0,105.0,114,,,,,572.3395820145375,54.0,-18.25,122.0,-7.79,-7.82,False
2016,Tennessee,SEC,9.0,4.0,16.3,15.0,21.2655,19.0,0.0917,16.0,11,12.0,120,,,,,664.1634221233422,30.0,8.96,29.0,7.85,-0.36,False
2016,Clemson,ACC,14.0,1.0,28.7,2.0,20.8718,20.0,0.125,4.0,14,7.0,112,,,,,828.7805822091847,3.0,21.77,4.0,11.6,10.99,False
2016,LSU,SEC,8.0,4.0,25.3,5.0,20.857799999999997,21.0,0.1217,6.0,14,7.0,115,,,,,742.6460232455681,11.0,18.39,8.0,2.31,16.1,False
2016,Kentucky,SEC,7.0,6.0,-2.6,78.0,20.395899999999997,22.0,0.0175,70.0,2,57.0,114,,,,,668.9295146535991,27.0,-9.03,98.0,-0.91,-8.01,False
2016,Tulane,American Athletic,4.0,8.0,-14.6,115.0,20.389899999999997,23.0,0.0208,57.0,2,57.0,96,,,,,,,-21.02,125.0,-16.0,-3.01,False
2016,Troy,Sun Belt,10.0,3.0,1.1,63.0,20.207,24.0,0.0085,98.0,1,81.0,118,,,,,,,-5.13,84.0,-5.93,0.41,False
2016,Wyoming,Mountain West,8.0,6.0,-6.9,95.0,20.152700000000003,25.0,0.0,105.0,0,105.0,109,,,,,,,-13.07,109.0,-1.21,-11.96,False
2016,Texas State,Pac-12,2.0,10.0,-25.5,128.0,19.881899999999998,26.0,0.0085,98.0,1,81.0,118,,,,,420.89162548831257,75.0,-31.38,128.0,-13.1,-16.79,False
2016,Missouri,SEC,4.0,8.0,-1.0,70.0,19.8094,27.0,0.0467,27.0,5,27.0,107,,,,,648.5667997223941,37.0,-6.81,91.0,-0.27,-5.54,False
2016,Maryland,Big Ten,6.0,7.0,-0.6,67.0,19.5141,28.0,0.0268,47.0,3,43.0,112,,,,,626.4047918278382,41.0,-6.09,87.0,-2.65,-2.15,False
2016,Iowa,Big Ten,8.0,5.0,10.3,37.0,19.513900000000003,29.0,0.0088,94.0,1,81.0,114,,,,,614.0557455393252,43.0,4.81,45.0,-2.35,7.05,False
2016,Middle Tennessee,Conference USA,8.0,5.0,-1.9,74.0,19.341,30.0,0.0273,45.0,3,43.0,110,,,,,,,-7.21,94.0,3.71,-10.75,False
2016,Kansas,Big 12,2.0,10.0,-15.9,119.0,19.2511,31.0,0.0339,38.0,4,29.0,118,,,,,455.759082542932,70.0,-21.12,126.0,-10.25,-9.89,False
2016,USC,Big Ten,10.0,3.0,23.6,8.0,19.064599999999995,32.0,0.1048,10.0,11,12.0,105,,,,,725.959846143752,14.0,18.58,6.0,8.03,9.13,False
2016,Temple,American Athletic,10.0,4.0,11.9,28.0,18.8321,33.0,0.0252,52.0,3,43.0,119,,,,,,,7.13,34.0,0.42,6.57,False
2016,Houston,Big 12,9.0,4.0,10.1,39.0,18.7239,34.0,0.0342,37.0,4,29.0,117,,,,,631.9759230336743,39.0,5.44,44.0,-0.24,4.74,False
2016,Utah,Big 12,9.0,4.0,10.9,35.0,18.532500000000006,35.0,0.0,105.0,0,105.0,135,,,,,734.3715059213748,13.0,6.44,40.0,1.54,2.96,False
2016,Oklahoma,SEC,11.0,2.0,26.1,4.0,18.093600000000002,36.0,0.1074,9.0,13,9.0,121,,,,,725.9488228908469,15.0,22.1,3.0,17.91,3.94,False
2016,West Virginia,Big 12,10.0,3.0,11.3,32.0,18.026100000000003,37.0,0.0238,56.0,3,43.0,126,,,,,706.5684097761015,19.0,7.38,33.0,4.94,4.08,False
2016,Navy,American Athletic,9.0,5.0,6.8,52.0,17.8211,38.0,0.0123,80.0,2,57.0,163,,,,,,,3.09,53.0,9.12,-6.89,False
2016,Florida International,Conference USA,4.0,8.0,-19.0,125.0,17.767400000000002,39.0,0.0174,71.0,2,57.0,115,,,,,,,-22.65,127.0,-5.66,-15.16,False
2016,Washington State,Pac-12,8.0,5.0,6.2,54.0,17.725199999999997,40.0,0.0263,49.0,3,43.0,114,,,,,683.1335189405654,24.0,2.59,57.0,5.56,-0.73,False
2016,Michigan State,Big Ten,3.0,9.0,7.4,50.0,17.6497,41.0,0.0841,19.0,9,18.0,107,,,,,513.9617565544123,64.0,3.87,51.0,0.39,3.02,False
2016,Colorado State,Pac-12,7.0,6.0,0.8,64.0,17.599,42.0,0.0263,49.0,3,43.0,114,,,,,666.3008593683255,28.0,-2.67,76.0,2.91,-6.85,False
2016,Georgia Southern,Sun Belt,5.0,7.0,-3.9,84.0,17.2979,43.0,0.0164,75.0,2,57.0,122,,,,,,,-7.06,93.0,-2.67,-5.26,False
2016,California,ACC,5.0,7.0,2.4,62.0,17.2601,44.0,0.0333,39.0,4,29.0,120,,,,,592.9820017736847,50.0,-0.72,70.0,7.95,-8.94,False
2016,Florida,SEC,9.0,4.0,15.4,20.0,17.258,45.0,0.0932,15.0,11,12.0,118,,,,,583.6915417306152,53.0,12.29,19.0,-3.85,13.36,False
2016,Florida Atlantic,American Athletic,3.0,9.0,-14.1,113.0,17.1622,46.0,0.0,105.0,0,105.0,123,,,,,,,-17.11,119.0,-1.72,-16.08,False
2016,Tulsa,American Athletic,10.0,3.0,7.4,50.0,17.1555,47.0,0.0094,86.0,1,81.0,106,,,,,,,4.39,50.0,4.19,-0.17,False
2016,Pittsburgh,ACC,8.0,5.0,13.1,23.0,17.108,48.0,0.0192,60.0,2,57.0,104,,,,,881.2335864860939,1.0,10.14,26.0,12.61,-1.94,False
2016,UCF,Big 12,6.0,7.0,-2.2,76.0,16.9654,49.0,0.0256,51.0,3,43.0,117,,,,,609.5710732375352,46.0,-5.0,83.0,-11.04,4.25,False
2016,Wisconsin,Big Ten,11.0,3.0,16.1,16.0,16.8812,50.0,0.0392,31.0,4,29.0,102,,,,,686.7158358945834,23.0,13.38,18.0,0.2,12.8,False
2016,Cincinnati,Big 12,4.0,8.0,-3.6,82.0,16.8473,51.0,0.0194,58.0,2,57.0,103,,,,,590.4323748875779,52.0,-6.28,89.0,-5.79,0.32,False
2016,App State,Sun Belt,10.0,3.0,9.2,43.0,16.7791,52.0,0.0103,82.0,1,81.0,97,,,,,,,6.59,38.0,-0.26,7.16,False
2016,Old Dominion,Sun Belt,10.0,3.0,-0.7,69.0,16.744,53.0,0.0,105.0,0,105.0,107,,,,,,,-3.27,78.0,-0.35,-3.21,False
2016,Syracuse,ACC,4.0,8.0,-2.7,79.0,16.729400000000002,54.0,0.0,105.0,0,105.0,108,,,,,503.48760530503523,67.0,-5.26,85.0,-1.04,-3.5,False
2016,Massachusetts,Mid-American,2.0,10.0,-15.3,118.0,16.656399999999998,55.0,0.0,105.0,0,105.0,107,,,,,,,-17.78,121.0,-6.51,-8.96,False
2016,NC State,ACC,7.0,6.0,9.4,41.0,16.4762,56.0,0.0,105.0,0,105.0,107,,,,,694.3189106114552,20.0,7.11,35.0,0.36,8.55,False
2016,Louisville,ACC,9.0,4.0,22.9,9.0,16.37,57.0,0.0268,47.0,3,43.0,112,,,,,839.8498959285901,2.0,20.72,5.0,10.7,10.22,False
2016,Oklahoma State,Big 12,10.0,3.0,16.4,13.0,16.283299999999997,58.0,0.0325,40.0,4,29.0,123,,,,,713.6671672746004,18.0,14.32,15.0,12.34,0.98,False
2016,Nebraska,Big Ten,9.0,4.0,10.3,37.0,16.2804,59.0,0.0305,41.0,4,29.0,131,,,,,665.1895627134404,29.0,8.22,32.0,7.64,-0.32,False
2016,Wake Forest,ACC,7.0,6.0,-0.6,67.0,16.2454,60.0,0.0404,29.0,4,29.0,99,,,,,505.98917040682875,66.0,-2.64,75.0,-8.55,5.1,False
2016,Eastern Michigan,Mid-American,7.0,6.0,-8.2,97.0,16.2079,61.0,0.0087,97.0,1,81.0,115,,,,,,,-10.21,101.0,-1.73,-8.58,False
2016,East Carolina,American Athletic,3.0,9.0,-9.0,100.0,16.0491,62.0,0.0377,33.0,4,29.0,106,,,,,,,-10.84,105.0,-2.77,-6.98,False
2016,Penn State,Big Ten,11.0,3.0,19.0,11.0,16.0432,63.0,0.0804,20.0,9,18.0,112,,,,,691.213658753922,21.0,17.17,10.0,8.03,7.23,False
2016,Arizona,Big 12,3.0,9.0,-4.5,87.0,16.0255,64.0,0.0169,72.0,2,57.0,118,,,,,431.9001162956848,74.0,-6.31,90.0,-0.36,-4.26,False
2016,Indiana,Big Ten,6.0,7.0,4.6,57.0,15.9822,65.0,0.0091,91.0,1,81.0,110,,,,,629.7871597404861,40.0,2.83,55.0,-4.84,8.76,False
2016,Fresno State,Pac-12,1.0,11.0,-16.9,122.0,15.8063,66.0,0.0168,74.0,2,57.0,119,,,,,443.59380328496235,71.0,-18.48,123.0,-13.47,-5.62,False
2016,Minnesota,Big Ten,9.0,4.0,12.6,24.0,15.719100000000001,67.0,0.0185,62.0,2,57.0,108,,,,,547.4350386040104,56.0,11.11,24.0,-2.04,10.83,False
2016,Marshall,Sun Belt,3.0,9.0,-12.7,110.0,15.696000000000002,68.0,0.0096,85.0,1,81.0,104,,,,,,,-14.16,112.0,-5.23,-7.46,False
2016,Baylor,Big 12,7.0,6.0,11.3,32.0,15.668200000000002,69.0,0.0185,62.0,2,57.0,108,,,,,749.5461603618476,10.0,9.86,28.0,7.18,4.16,False
2016,Southern Miss,Sun Belt,7.0,6.0,0.7,65.0,15.652,70.0,0.0088,94.0,1,81.0,114,,,,,,,-0.72,70.0,-0.71,-1.23,False
2016,San Diego State,Pac-12,11.0,3.0,11.4,31.0,15.5838,71.0,0.0085,98.0,1,81.0,118,,,,,788.5134483681964,5.0,10.05,27.0,2.21,5.92,False
2016,Texas A&M,SEC,8.0,5.0,12.0,27.0,15.5002,72.0,0.0374,34.0,4,29.0,107,,,,,787.0993925954878,6.0,10.74,25.0,7.45,2.37,False
2016,Memphis,American Athletic,8.0,5.0,7.7,49.0,15.276499999999999,73.0,0.0091,91.0,1,81.0,110,,,,,,,6.68,37.0,4.14,-0.69,False
2016,Texas Tech,Big 12,5.0,7.0,3.7,59.0,15.2072,74.0,0.0252,52.0,3,43.0,119,,,,,613.2720268600872,44.0,2.75,56.0,10.96,-8.25,False
2016,Mississippi State,SEC,6.0,7.0,5.4,56.0,15.058300000000001,75.0,0.056,23.0,7,21.0,125,,,,,601.5742203792372,49.0,4.61,46.0,4.92,0.95,False
2016,Virginia,ACC,2.0,10.0,-3.8,83.0,14.9458,76.0,0.0,105.0,0,105.0,99,,,,,441.8382323680973,72.0,-4.47,81.0,-4.13,0.32,False
2016,Arizona State,Big 12,5.0,7.0,-3.0,81.0,14.935899999999998,77.0,0.0484,24.0,6,24.0,124,,,,,511.6331427882372,65.0,-3.66,79.0,2.67,-8.78,False
2016,UConn,FBS Independents,3.0,9.0,-11.6,107.0,14.891499999999999,78.0,0.0291,43.0,3,43.0,103,,,,,,,-12.22,108.0,-9.71,-2.05,False
2016,Toledo,Mid-American,9.0,4.0,12.3,26.0,14.848700000000001,79.0,0.0169,72.0,2,57.0,118,,,,,,,11.73,21.0,11.11,1.48,False
2016,Louisiana,Sun Belt,6.0,7.0,-8.7,99.0,14.712700000000002,80.0,0.0081,103.0,1,81.0,124,,,,,,,-9.13,99.0,-9.64,-0.44,False
2016,Washington,Big Ten,12.0,2.0,26.7,3.0,14.5896,81.0,0.0367,35.0,4,29.0,109,,,,,645.849191042657,38.0,26.4,1.0,10.81,15.14,False
2016,Miami (OH),Mid-American,6.0,7.0,-6.1,91.0,14.473600000000001,82.0,0.0,105.0,0,105.0,104,,,,,,,-6.27,88.0,-5.54,0.11,False
2016,Virginia Tech,ACC,10.0,4.0,15.2,22.0,14.439200000000001,83.0,0.0,105.0,0,105.0,118,,,,,766.3951515894923,8.0,15.06,14.0,5.17,9.53,False
2016,Duke,ACC,4.0,8.0,-2.8,80.0,14.3126,84.0,0.0303,42.0,3,43.0,99,,,,,519.4452375551376,63.0,-2.8,77.0,-2.48,1.61,False
2016,Ball State,Mid-American,4.0,8.0,-7.0,96.0,14.305599999999998,85.0,0.0,105.0,0,105.0,104,,,,,,,-7.0,92.0,-1.08,-5.88,False
2016,Georgia State,Sun Belt,3.0,9.0,-12.1,109.0,14.247300000000001,86.0,0.0,105.0,0,105.0,108,,,,,,,-12.04,107.0,-11.95,2.56,False
2016,Kansas State,Big 12,9.0,4.0,8.2,45.0,14.118599999999999,87.0,0.016,77.0,2,57.0,125,,,,,602.2497017992655,48.0,8.4,31.0,5.0,2.14,False
2016,New Mexico,Mountain West,9.0,4.0,-5.1,89.0,14.1104,88.0,0.0156,78.0,2,57.0,128,,,,,,,-4.89,82.0,3.0,-9.26,False
2016,Oregon,Big Ten,4.0,8.0,6.1,55.0,14.0475,89.0,0.0476,26.0,6,24.0,126,,,,,673.0490868007488,26.0,6.37,41.0,13.33,-6.72,False
2016,Louisiana Tech,Sun Belt,9.0,5.0,3.1,60.0,13.9852,90.0,0.0082,102.0,1,81.0,122,,,,,,,3.44,52.0,10.65,-7.48,False
2016,UTSA,American Athletic,6.0,7.0,-11.2,106.0,13.8626,91.0,0.0079,104.0,1,81.0,126,,,,,,,-10.73,104.0,-6.4,-4.1,False
2016,Rutgers,Big Ten,2.0,10.0,-14.9,117.0,13.5974,92.0,0.0185,62.0,2,57.0,108,,,,,476.5683204477537,69.0,-14.15,111.0,-11.69,-0.24,False
2016,South Alabama,Sun Belt,6.0,7.0,-9.4,101.0,13.511099999999999,93.0,0.0248,54.0,3,43.0,121,,,,,,,-8.56,96.0,-3.76,-3.58,False
2016,TCU,Big 12,6.0,7.0,11.0,34.0,13.3481,94.0,0.0583,22.0,7,21.0,120,,,,,736.4729326568021,12.0,12.01,20.0,5.61,6.42,False
2016,Purdue,Big Ten,3.0,9.0,-11.0,105.0,13.22,95.0,0.0093,90.0,1,81.0,108,,,,,526.5466107742783,61.0,-9.85,100.0,-3.74,-5.7,False
2016,UTEP,Mountain West,4.0,8.0,-16.1,120.0,13.1528,96.0,0.0164,75.0,2,57.0,122,,,,,,,-14.88,114.0,-3.82,-10.66,False
2016,Ohio,Mid-American,8.0,6.0,-2.1,75.0,12.9892,97.0,0.0185,62.0,2,57.0,108,,,,,,,-0.71,69.0,-6.75,4.25,False
2016,North Carolina,ACC,8.0,5.0,15.9,17.0,12.8884,98.0,0.0,105.0,0,105.0,103,,,,,660.3641085233078,32.0,17.4,9.0,9.79,5.51,False
2016,Kent State,Mid-American,3.0,9.0,-12.0,108.0,12.7767,99.0,0.0194,58.0,2,57.0,103,,,,,,,-10.38,102.0,-12.06,2.78,False
2016,South Florida,American Athletic,11.0,2.0,9.8,40.0,12.775800000000002,100.0,0.018,68.0,2,57.0,111,,,,,,,11.42,23.0,15.74,-4.72,False
2016,Nevada,Mountain West,5.0,7.0,-13.0,111.0,12.764,101.0,0.0,105.0,0,105.0,114,,,,,,,-11.37,106.0,-2.46,-7.71,False
2016,Vanderbilt,SEC,6.0,7.0,-1.2,71.0,12.726799999999999,102.0,0.0103,82.0,1,81.0,97,,,,,618.6597523493393,42.0,0.47,65.0,-3.34,3.91,False
2016,Western Michigan,Mid-American,13.0,1.0,11.5,29.0,12.395000000000001,103.0,0.0115,81.0,1,81.0,87,,,,,,,13.52,17.0,11.49,1.52,False
2016,Bowling Green,Mid-American,4.0,8.0,-6.6,93.0,12.2152,104.0,0.0183,66.0,2,57.0,109,,,,,,,-4.39,80.0,-3.44,-1.27,False
2016,Rice,American Athletic,3.0,9.0,-16.5,121.0,12.139899999999999,105.0,0.0094,86.0,1,81.0,106,,,,,,,-14.21,113.0,-5.61,-8.02,False
2016,Arkansas State,Sun Belt,8.0,5.0,-1.2,71.0,11.987900000000002,106.0,0.042,28.0,5,27.0,119,,,,,,,1.25,61.0,-6.45,9.58,False
2016,Air Force,Mountain West,10.0,3.0,4.4,58.0,11.739099999999999,107.0,0.0284,44.0,4,29.0,141,,,,,,,7.11,35.0,4.75,0.93,False
2016,Northern Illinois,Mountain West,5.0,7.0,-2.4,77.0,11.5451,108.0,0.0094,86.0,1,81.0,106,,,,,,,0.52,64.0,3.83,-1.75,False
2016,Buffalo,Mid-American,2.0,10.0,-18.8,124.0,11.0696,109.0,0.0273,45.0,3,43.0,110,,,,,,,-15.38,115.0,-11.18,-2.25,False
2016,New Mexico State,Conference USA,3.0,9.0,-17.2,123.0,11.012200000000002,110.0,0.009,93.0,1,81.0,111,,,,,,,-13.72,110.0,-4.76,-8.21,False
2016,Northwestern,Big Ten,7.0,6.0,2.9,61.0,10.9421,111.0,0.0,105.0,0,105.0,94,,,,,604.249692447109,47.0,6.45,39.0,-0.03,7.83,False
2016,Boise State,Pac-12,10.0,3.0,11.5,29.0,10.8144,112.0,0.0,105.0,0,105.0,99,,,,,715.6508437098921,16.0,15.19,13.0,8.82,6.41,False
2016,Iowa State,Big 12,3.0,9.0,0.7,65.0,10.7991,113.0,0.0,105.0,0,105.0,122,,,,,533.765613724258,58.0,4.4,49.0,-0.88,2.92,False
2016,Charlotte,American Athletic,4.0,8.0,-20.9,126.0,10.724,114.0,0.0,105.0,0,105.0,121,,,,,,,-17.12,120.0,-10.25,-5.43,False
2016,Utah State,Pac-12,3.0,9.0,-4.4,86.0,10.717300000000002,115.0,0.0182,67.0,2,57.0,110,,,,,536.1244430038663,57.0,-0.61,68.0,-3.14,3.77,False
2016,UNLV,Mountain West,4.0,8.0,-14.3,114.0,10.690000000000001,116.0,0.0098,84.0,1,81.0,102,,,,,,,-10.48,103.0,-1.13,-8.91,False
2016,Boston College,ACC,7.0,6.0,-1.6,73.0,9.869299999999999,117.0,0.0,105.0,0,105.0,89,,,,,530.1834224158137,60.0,3.08,54.0,-7.4,11.21,False
2016,Hawai'i,Mountain West,7.0,7.0,-10.1,103.0,9.7471,118.0,0.0,105.0,0,105.0,125,,,,,,,-5.29,86.0,1.14,-8.72,False
2016,San José State,Mountain West,4.0,8.0,-13.6,112.0,9.6532,119.0,0.0,105.0,0,105.0,102,,,,,,,-8.69,97.0,-5.02,-4.56,False
2016,UL Monroe,Sun Belt,4.0,8.0,-21.3,127.0,9.6001,120.0,0.0385,32.0,4,29.0,104,,,,,,,-16.33,117.0,-7.0,-9.32,False
2016,Oregon State,Pac-12,4.0,8.0,-4.6,88.0,9.3522,121.0,0.0179,69.0,2,57.0,112,,,,,548.7331038823836,55.0,0.63,63.0,-1.2,2.33,False
2016,Colorado,Big 12,10.0,4.0,6.3,53.0,9.2882,122.0,0.0083,101.0,1,81.0,121,,,,,653.5190969341372,36.0,11.6,22.0,2.03,10.67,False
2016,North Texas,American Athletic,5.0,8.0,-14.6,115.0,8.1417,123.0,0.0,105.0,0,105.0,114,,,,,,,-8.09,95.0,-4.81,-4.41,False
2016,Central Michigan,Mid-American,6.0,7.0,-6.1,91.0,8.080300000000001,124.0,0.0094,86.0,1,81.0,106,,,,,,,0.47,65.0,0.81,1.73,False
2016,Western Kentucky,Conference USA,11.0,3.0,15.5,19.0,7.6011,125.0,0.0192,60.0,2,57.0,104,,,,,,,22.58,2.0,14.1,7.63,False
2016,Akron,Mid-American,5.0,7.0,-5.6,90.0,7.279799999999999,126.0,0.0088,94.0,1,81.0,114,,,,,,,1.82,59.0,-4.17,5.43,False
2016,Idaho,Big Sky,9.0,4.0,-8.6,98.0,4.6075,127.0,0.0,105.0,0,105.0,55,,,,,,,1.64,60.0,-0.7,0.41,False
2016,BYU,Big 12,9.0,4.0,8.0,46.0,4.3274,128.0,0.024,55.0,3,43.0,125,,,,,656.8198972121348,35.0,18.53,7.0,4.31,12.39,False
2017,Alabama,SEC,13.0,1.0,33.5,1.0,37.8325,1.0,0.2619,2.0,33,1.0,126,,,0.7238,39.0,719.2240382686497,13.0,20.44,6.0,3.85,16.56,False
2017,Ohio State,Big Ten,12.0,2.0,30.9,2.0,37.37520000000001,2.0,0.2895,1.0,33,1.0,114,,,0.7923,28.0,782.3934959645112,6.0,18.33,10.0,8.31,9.58,False
2017,LSU,SEC,9.0,4.0,21.1,11.0,37.1673,3.0,0.2581,3.0,32,4.0,124,,,0.6891,47.0,662.4061557229651,28.0,8.76,26.0,1.12,8.48,False
2017,Georgia,SEC,13.0,2.0,26.7,4.0,37.1616,4.0,0.2366,4.0,31,5.0,131,,,0.7752,30.0,526.4684819936374,62.0,14.36,16.0,5.13,7.08,False
2017,Michigan,Big Ten,8.0,5.0,19.6,13.0,37.1401,5.0,0.2308,5.0,33,1.0,143,,,0.611,66.0,573.9166492546383,54.0,7.29,35.0,-3.36,10.69,False
2017,Florida,SEC,4.0,7.0,10.1,34.0,35.9423,6.0,0.1545,14.0,19,9.0,123,,,0.801,26.0,562.5160568257985,57.0,-0.92,73.0,-2.98,0.67,False
2017,Notre Dame,FBS Independents,10.0,3.0,20.8,12.0,35.7909,7.0,0.1712,10.0,19,9.0,111,,,0.5197,85.0,,,9.95,21.0,3.7,6.24,False
2017,Ole Miss,SEC,6.0,6.0,11.6,26.0,35.7803,8.0,0.1508,17.0,19,9.0,126,,,0.2991,113.0,597.7990707308253,41.0,0.76,62.0,5.21,-5.65,False
2017,Texas A&M,SEC,7.0,6.0,9.4,36.0,35.7492,9.0,0.1597,13.0,19,9.0,119,,,0.336,109.0,698.7404455703058,19.0,-1.41,76.0,-0.58,-2.04,False
2017,UCLA,Big Ten,6.0,7.0,4.9,51.0,35.732299999999995,10.0,0.1538,15.0,18,13.0,117,,,0.6648,55.0,800.6597030735497,3.0,-5.89,90.0,5.63,-11.33,False
2017,Stanford,ACC,9.0,5.0,15.8,20.0,35.6061,11.0,0.1635,12.0,17,16.0,104,,,0.5956,71.0,680.0725977815673,24.0,5.15,41.0,4.11,-1.27,False
2017,Tennessee,SEC,4.0,8.0,1.2,67.0,35.5867,12.0,0.1261,21.0,15,19.0,119,,,0.2225,122.0,495.3100813629739,69.0,-9.43,101.0,-7.78,-2.46,False
2017,USC,Big Ten,11.0,3.0,17.9,17.0,35.3464,13.0,0.1892,8.0,21,8.0,111,,,0.6863,49.0,803.3762785926255,2.0,7.53,33.0,5.05,3.36,False
2017,Miami,ACC,10.0,3.0,17.4,18.0,35.2288,14.0,0.1524,16.0,16,17.0,105,,,0.3067,111.0,739.9328044635371,9.0,7.16,36.0,1.92,6.41,False
2017,Florida State,ACC,7.0,6.0,22.8,9.0,34.949999999999996,15.0,0.2131,6.0,26,6.0,122,,,0.6033,68.0,604.0888525803512,39.0,12.86,17.0,0.08,11.05,False
2017,Louisville,ACC,8.0,5.0,19.2,14.0,34.9046,16.0,0.0818,26.0,9,25.0,110,,,0.6703,53.0,733.8798311663556,11.0,9.31,23.0,10.1,-1.33,False
2017,Arkansas,SEC,4.0,8.0,2.1,63.0,34.3866,17.0,0.0678,30.0,8,28.0,118,,,0.5659,76.0,643.9167230185645,32.0,-7.23,94.0,1.19,-7.98,False
2017,Iowa,Big Ten,8.0,5.0,9.8,35.0,34.2461,18.0,0.0252,63.0,3,51.0,119,,,0.3013,112.0,659.1132584799801,29.0,0.62,64.0,-4.43,4.49,False
2017,Missouri,SEC,7.0,6.0,11.1,28.0,34.0673,19.0,0.0522,36.0,6,33.0,115,,,0.8366,14.0,713.2170137654298,15.0,2.11,55.0,2.78,-2.43,False
2017,Texas,SEC,7.0,6.0,10.6,30.0,33.8767,20.0,0.1651,11.0,18,13.0,109,,,0.6403,58.0,590.7793342416727,47.0,1.82,58.0,-5.92,7.77,False
2017,Arizona,Big 12,7.0,6.0,3.7,59.0,33.8298,21.0,0.0325,51.0,4,43.0,123,,,0.714,43.0,701.8042741048343,18.0,-5.03,88.0,5.51,-9.81,False
2017,Illinois,Big Ten,2.0,10.0,-7.4,96.0,33.6534,22.0,0.0481,38.0,5,37.0,104,,,0.507,87.0,519.8839047303695,64.0,-15.94,117.0,-10.89,-5.73,False
2017,South Carolina,SEC,9.0,4.0,7.8,41.0,33.6335,23.0,0.0857,24.0,9,25.0,105,,,0.8802,8.0,595.7286787234101,45.0,-0.72,71.0,-4.08,4.48,False
2017,Cincinnati,Big 12,4.0,8.0,-6.4,95.0,33.508399999999995,24.0,0.03,53.0,3,51.0,100,,,0.732,37.0,510.9123167341211,68.0,-14.78,114.0,-9.11,-3.96,False
2017,UCF,Big 12,13.0,0.0,14.1,22.0,33.4313,25.0,0.0333,49.0,4,43.0,120,,,0.6516,56.0,785.9240255544078,5.0,5.8,38.0,8.14,-2.62,False
2017,Georgia Tech,ACC,5.0,6.0,8.9,39.0,33.2082,26.0,0.05,37.0,5,37.0,100,,,0.3415,108.0,314.3767993353836,75.0,0.84,61.0,2.66,-0.71,False
2017,Maryland,Big Ten,4.0,8.0,-4.5,85.0,33.0418,27.0,0.0792,27.0,8,28.0,101,,,0.4402,93.0,514.0164287661642,67.0,-12.38,109.0,-5.44,-3.83,False
2017,Clemson,ACC,12.0,2.0,26.4,5.0,32.8456,28.0,0.2018,7.0,23,7.0,114,,,0.2368,119.0,703.4154886166385,17.0,18.74,8.0,4.47,16.26,False
2017,Navy,American Athletic,7.0,6.0,-0.7,73.0,32.5946,29.0,0.0171,82.0,3,51.0,175,,,0.2619,116.0,,,-8.09,98.0,0.61,-7.42,False
2017,Duke,ACC,7.0,6.0,6.1,46.0,32.5615,30.0,0.0619,34.0,6,33.0,97,,,0.8286,19.0,690.5900324613671,20.0,-1.26,75.0,-6.37,5.5,False
2017,Memphis,American Athletic,10.0,3.0,7.8,41.0,32.52080000000001,31.0,0.0248,64.0,3,51.0,121,,,0.8798,9.0,,,0.49,65.0,5.75,-5.88,False
2017,Nebraska,Big Ten,4.0,8.0,2.5,62.0,32.1795,32.0,0.072,29.0,9,25.0,125,,,0.1907,124.0,514.1407376856317,66.0,-4.44,85.0,-6.06,1.18,False
2017,Army,American Athletic,10.0,3.0,-5.3,90.0,32.1719,33.0,0.0,113.0,0,113.0,175,,,0.7169,41.0,,,-12.23,108.0,0.45,-10.11,False
2017,SMU,ACC,7.0,6.0,-2.9,82.0,31.936799999999998,34.0,0.0087,106.0,1,89.0,115,,,0.8358,15.0,619.9337118623313,35.0,-9.58,102.0,3.88,-12.4,False
2017,North Carolina,ACC,3.0,9.0,4.3,55.0,31.887399999999996,35.0,0.0275,58.0,3,51.0,109,,,0.1757,127.0,578.0568237287838,53.0,-2.33,78.0,-2.19,-0.87,False
2017,Pittsburgh,ACC,5.0,7.0,6.0,47.0,31.671599999999998,36.0,0.0632,33.0,6,33.0,95,,,0.3714,103.0,590.7921533028216,46.0,-0.39,70.0,0.03,0.13,False
2017,East Carolina,American Athletic,3.0,9.0,-14.0,111.0,31.5058,37.0,0.0459,39.0,5,37.0,109,,,0.4417,91.0,,,-20.21,123.0,-4.08,-16.59,False
2017,Auburn,SEC,10.0,4.0,24.7,8.0,31.350599999999996,38.0,0.1481,18.0,16,17.0,108,,,0.5053,88.0,619.3677546332406,36.0,18.66,9.0,4.21,14.28,False
2017,Kentucky,SEC,7.0,6.0,2.7,61.0,31.244799999999998,39.0,0.0654,32.0,7,32.0,107,,,0.6702,54.0,596.1289719204217,44.0,-3.23,81.0,-0.33,-4.16,False
2017,Florida International,Conference USA,8.0,5.0,-10.4,102.0,31.0483,40.0,0.0263,60.0,3,51.0,114,,,0.7208,40.0,,,-16.12,118.0,-7.02,-9.57,False
2017,Texas State,Pac-12,2.0,10.0,-23.5,125.0,31.007199999999997,41.0,0.0095,96.0,1,89.0,105,,,0.6749,52.0,533.189803085357,61.0,-29.17,128.0,-16.29,-11.45,False
2017,Ball State,Mid-American,2.0,10.0,-19.7,121.0,31.0013,42.0,0.0,113.0,0,113.0,101,,,0.6152,64.0,,,-25.37,127.0,-10.69,-12.25,False
2017,Washington State,Pac-12,9.0,4.0,8.6,40.0,31.000599999999995,43.0,0.0278,57.0,3,51.0,108,,,0.7706,31.0,618.7145137706606,37.0,2.93,51.0,-0.09,3.35,False
2017,Vanderbilt,SEC,5.0,7.0,0.6,70.0,30.368799999999997,44.0,0.01,91.0,1,89.0,100,,,0.9388,4.0,596.1831078914995,43.0,-4.38,84.0,1.67,-3.24,False
2017,Baylor,Big 12,1.0,11.0,-1.4,75.0,30.142400000000002,45.0,0.0171,82.0,2,69.0,117,,,0.397,99.0,539.8452754138306,60.0,-6.14,91.0,-3.61,-3.13,False
2017,UConn,FBS Independents,3.0,9.0,-19.2,120.0,30.035700000000006,46.0,0.0194,71.0,2,69.0,103,,,0.6129,65.0,,,-23.82,126.0,-8.05,-14.78,False
2017,Tulane,American Athletic,5.0,7.0,-5.7,94.0,29.8896,47.0,0.022,67.0,2,69.0,91,,,0.1542,128.0,,,-10.16,104.0,-1.86,-9.01,False
2017,Northwestern,Big Ten,10.0,3.0,11.2,27.0,28.9239,48.0,0.0202,68.0,2,69.0,99,,,0.5849,75.0,682.7957360835455,23.0,7.78,32.0,-1.02,9.06,False
2017,Wisconsin,Big Ten,13.0,1.0,26.8,3.0,28.8251,49.0,0.0588,35.0,6,33.0,102,,,0.6373,60.0,736.7993100367352,10.0,23.49,3.0,7.64,14.9,False
2017,App State,Sun Belt,9.0,4.0,3.8,58.0,28.632499999999997,50.0,0.009,103.0,1,89.0,111,,,0.6973,44.0,,,0.7,63.0,-0.15,1.8,False
2017,Southern Miss,Sun Belt,8.0,5.0,-3.4,84.0,28.603600000000004,51.0,0.0079,111.0,1,89.0,127,,,0.5216,84.0,,,-6.47,92.0,-4.74,-1.69,False
2017,Florida Atlantic,American Athletic,11.0,3.0,5.1,50.0,28.569799999999997,52.0,0.0079,111.0,1,89.0,127,,,0.9013,7.0,,,2.07,56.0,5.08,-4.67,False
2017,Iowa State,Big 12,8.0,5.0,7.5,44.0,28.435,53.0,0.0085,107.0,1,89.0,118,,,0.8779,10.0,643.2483871992648,33.0,4.61,42.0,8.66,-4.01,False
2017,Indiana,Big Ten,5.0,7.0,10.2,32.0,28.399800000000003,54.0,0.0,113.0,0,113.0,108,,,0.6279,62.0,585.4775453416023,48.0,7.35,34.0,-0.92,6.51,False
2017,Middle Tennessee,Conference USA,7.0,6.0,-4.9,88.0,28.2023,55.0,0.0431,41.0,5,37.0,116,,,0.7587,32.0,,,-7.54,95.0,-8.21,0.0,False
2017,Colorado State,Pac-12,7.0,6.0,3.9,57.0,28.101000000000003,56.0,0.018,75.0,2,69.0,111,,,0.8316,16.0,718.1482881736121,14.0,1.37,60.0,5.25,-5.85,False
2017,TCU,Big 12,11.0,3.0,18.9,16.0,27.9413,57.0,0.0833,25.0,11,22.0,132,,,1.0144,2.0,772.3262802845942,8.0,16.55,13.0,6.44,8.23,False
2017,Wyoming,Mountain West,8.0,5.0,-2.5,79.0,27.894100000000005,58.0,0.0099,92.0,1,89.0,101,,,0.5605,78.0,,,-4.8,86.0,-9.53,3.85,False
2017,Virginia Tech,ACC,9.0,4.0,14.3,21.0,27.5109,59.0,0.0275,58.0,3,51.0,109,,,0.2253,121.0,685.1120748577445,21.0,12.41,18.0,-1.22,12.74,False
2017,Tulsa,American Athletic,2.0,10.0,-10.7,103.0,27.478800000000003,60.0,0.0094,98.0,1,89.0,106,,,0.2569,117.0,,,-12.55,110.0,-1.7,-10.65,False
2017,Virginia,ACC,6.0,7.0,0.8,69.0,27.4189,61.0,0.0,113.0,0,113.0,95,,,0.9089,5.0,563.4264221599902,56.0,-0.99,74.0,-3.97,3.88,False
2017,Troy,Sun Belt,11.0,2.0,1.6,65.0,27.3449,62.0,0.0175,79.0,2,69.0,114,,,0.9936,3.0,,,-0.11,69.0,-1.42,3.72,False
2017,West Virginia,Big 12,7.0,6.0,5.6,49.0,27.254800000000003,63.0,0.0354,43.0,4,43.0,113,,,0.2785,115.0,596.4620404147447,42.0,3.99,45.0,4.73,0.06,False
2017,Boston College,ACC,7.0,6.0,4.6,53.0,27.230400000000003,64.0,0.0,113.0,0,113.0,96,,,0.7571,33.0,705.4120044691738,16.0,3.02,49.0,-3.66,7.37,False
2017,Wake Forest,ACC,8.0,5.0,10.5,31.0,27.1477,65.0,0.0341,48.0,3,51.0,88,,,1.0908,1.0,824.4794392183212,1.0,9.01,24.0,6.89,2.21,False
2017,Old Dominion,Sun Belt,5.0,7.0,-16.8,118.0,27.1377,66.0,0.0177,77.0,2,69.0,113,,,0.5569,80.0,,,-18.28,120.0,-12.51,-5.48,False
2017,Georgia Southern,Sun Belt,2.0,10.0,-15.8,115.0,27.1331,67.0,0.0185,73.0,2,69.0,108,,,0.2806,114.0,,,-17.28,119.0,-10.5,-8.18,False
2017,Oklahoma,SEC,12.0,2.0,25.5,7.0,27.108800000000002,68.0,0.1714,9.0,18,13.0,105,,,0.5943,72.0,793.1664779626188,4.0,24.05,2.0,21.01,3.13,False
2017,NC State,ACC,9.0,4.0,12.9,24.0,26.959400000000002,69.0,0.0096,95.0,1,89.0,104,,,0.8306,18.0,720.3467967279427,12.0,11.61,19.0,9.29,4.1,False
2017,Purdue,Big Ten,7.0,6.0,5.8,48.0,26.863999999999997,70.0,0.0093,100.0,1,89.0,107,,,0.5657,77.0,578.4702476519965,52.0,4.61,42.0,-0.05,5.35,False
2017,UL Monroe,Sun Belt,4.0,8.0,-12.9,110.0,26.5613,71.0,0.0424,42.0,5,37.0,118,,,0.7296,38.0,,,-13.76,113.0,3.82,-17.9,False
2017,Boise State,Pac-12,11.0,3.0,9.1,37.0,26.5338,72.0,0.0102,90.0,1,89.0,98,,,0.6172,63.0,676.4324079972632,25.0,8.27,31.0,0.13,7.11,False
2017,Mississippi State,SEC,9.0,4.0,16.0,19.0,26.398700000000005,73.0,0.0901,23.0,10,24.0,111,,,0.7835,29.0,618.4539873196951,38.0,15.32,14.0,4.01,9.58,False
2017,Temple,American Athletic,7.0,6.0,0.5,71.0,26.3272,74.0,0.0331,50.0,4,43.0,121,,,0.5993,69.0,,,-0.1,68.0,-3.25,3.61,False
2017,Oregon,Big Ten,7.0,6.0,9.1,37.0,26.310000000000002,75.0,0.1048,22.0,11,22.0,105,,,0.4887,89.0,652.5616031984546,31.0,8.51,28.0,6.66,2.62,False
2017,Western Michigan,Mid-American,6.0,6.0,-2.4,78.0,26.217799999999997,76.0,0.0097,94.0,1,89.0,103,,,0.2152,123.0,,,-2.89,80.0,-2.59,-0.64,False
2017,Washington,Big Ten,10.0,3.0,22.1,10.0,25.503999999999994,77.0,0.1275,20.0,13,21.0,102,,,0.7978,27.0,579.6548065223062,51.0,22.39,4.0,11.52,11.81,False
2017,Fresno State,Pac-12,10.0,4.0,-2.7,81.0,25.42320000000001,78.0,0.0,113.0,0,113.0,117,,,0.8613,12.0,620.5090225366278,34.0,-2.33,78.0,-5.54,2.65,False
2017,Buffalo,Mid-American,6.0,6.0,-11.2,105.0,25.277199999999997,79.0,0.0286,54.0,3,51.0,105,,,0.353,105.0,,,-10.67,105.0,-2.86,-5.68,False
2017,Kent State,Mid-American,2.0,10.0,-20.2,124.0,25.1901,80.0,0.0177,77.0,2,69.0,113,,,0.9036,6.0,,,-19.57,122.0,-13.41,-4.14,False
2017,Houston,Big 12,7.0,5.0,7.7,43.0,25.0924,81.0,0.0342,47.0,4,43.0,117,,,0.3778,102.0,572.7073712265992,55.0,8.43,29.0,4.65,2.51,False
2017,Michigan State,Big Ten,10.0,3.0,13.8,23.0,25.0804,82.0,0.0792,27.0,8,28.0,101,,,0.1816,125.0,551.7605453662247,58.0,14.55,15.0,0.06,13.21,False
2017,Nevada,Mountain West,3.0,9.0,-16.4,117.0,24.893499999999996,83.0,0.0174,81.0,2,69.0,115,,,0.4668,90.0,,,-15.45,116.0,-1.94,-12.7,False
2017,Western Kentucky,Conference USA,6.0,7.0,-4.9,88.0,24.7948,84.0,0.0095,96.0,1,89.0,105,,,0.4239,95.0,,,-3.85,83.0,-1.98,-1.55,False
2017,San Diego State,Pac-12,10.0,3.0,4.5,54.0,24.702900000000003,85.0,0.0093,100.0,1,89.0,108,,,0.7167,42.0,672.4341326848269,26.0,5.65,39.0,1.07,3.69,False
2017,Kansas,Big 12,1.0,11.0,-14.8,114.0,24.6458,86.0,0.0165,85.0,2,69.0,121,,,0.4059,98.0,441.6213507557065,74.0,-13.58,112.0,-5.8,-8.18,False
2017,California,ACC,5.0,7.0,-1.0,74.0,24.644,87.0,0.0446,40.0,5,37.0,112,,,0.3872,100.0,541.5873678207095,59.0,0.22,67.0,1.3,-1.38,False
2017,Coastal Carolina,FCS Independents,3.0,9.0,,,24.544099999999997,88.0,0.009,103.0,1,89.0,111,,,,,,,,,,,False
2017,Arizona State,Big 12,7.0,6.0,1.0,68.0,24.4754,89.0,0.0656,31.0,8,28.0,122,,,0.6906,46.0,583.9330177048217,49.0,2.4,53.0,6.6,-4.5,False
2017,Minnesota,Big Ten,5.0,7.0,0.4,72.0,24.3771,90.0,0.0312,52.0,3,51.0,96,,,0.3512,106.0,485.53254742700204,71.0,1.91,57.0,-3.35,6.55,False
2017,Penn State,Big Ten,11.0,2.0,26.0,6.0,24.262700000000002,91.0,0.1296,19.0,14,20.0,108,,,0.8452,13.0,668.9936587832983,27.0,27.63,1.0,14.32,13.81,False
2017,Syracuse,ACC,4.0,8.0,4.0,56.0,24.259300000000007,92.0,0.0,113.0,0,113.0,95,,,0.5916,73.0,485.72942325084125,70.0,5.63,40.0,2.12,1.41,False
2017,Bowling Green,Mid-American,2.0,10.0,-10.0,101.0,24.2154,93.0,0.0263,60.0,3,51.0,114,,,0.8016,25.0,,,-8.32,99.0,0.35,-10.17,False
2017,Air Force,Mountain West,5.0,7.0,-11.0,104.0,24.214799999999993,94.0,0.02,70.0,3,51.0,150,,,0.6289,61.0,,,-9.32,100.0,1.65,-11.77,False
2017,Northern Illinois,Mountain West,8.0,5.0,-1.4,75.0,24.069399999999998,95.0,0.0108,89.0,1,89.0,93,,,0.4401,94.0,,,0.44,66.0,-6.07,8.3,False
2017,Rutgers,Big Ten,4.0,8.0,-5.5,92.0,24.060100000000002,96.0,0.0189,72.0,2,69.0,106,,,0.541,81.0,471.4268106933322,72.0,-3.65,82.0,-3.77,-0.2,False
2017,Oklahoma State,Big 12,10.0,3.0,19.1,15.0,23.920899999999996,97.0,0.0354,43.0,4,43.0,113,,,0.7389,36.0,780.024567283574,7.0,21.1,5.0,15.21,5.87,False
2017,Toledo,Mid-American,11.0,3.0,6.6,45.0,23.790200000000002,98.0,0.0099,92.0,1,89.0,101,,,0.6799,50.0,,,8.74,27.0,5.29,3.23,False
2017,Georgia State,Sun Belt,7.0,5.0,-14.0,111.0,23.7437,99.0,0.0,113.0,0,113.0,109,,,0.6908,45.0,,,-11.81,106.0,-9.89,0.36,False
2017,Rice,American Athletic,1.0,11.0,-23.6,126.0,23.6876,100.0,0.0,113.0,0,113.0,97,,,0.3817,101.0,,,-21.35,124.0,-7.66,-11.92,False
2017,Arkansas State,Sun Belt,7.0,5.0,1.5,66.0,23.592100000000002,101.0,0.0345,46.0,4,43.0,116,,,0.8227,20.0,,,3.86,46.0,2.5,0.43,False
2017,UNLV,Mountain West,5.0,7.0,-14.5,113.0,23.516,102.0,0.0088,105.0,1,89.0,114,,,0.6792,51.0,,,-12.06,107.0,-0.56,-10.73,False
2017,Louisiana,Sun Belt,5.0,7.0,-15.8,115.0,22.9373,103.0,0.0171,82.0,2,69.0,117,,,0.1771,126.0,,,-12.73,111.0,1.07,-13.55,False
2017,Miami (OH),Mid-American,5.0,7.0,-2.2,77.0,22.3572,104.0,0.0,113.0,0,113.0,110,,,0.8758,11.0,,,1.49,59.0,-1.9,2.73,False
2017,Marshall,Sun Belt,8.0,5.0,-4.5,85.0,22.292299999999997,105.0,0.0202,68.0,2,69.0,99,,,0.441,92.0,,,-0.74,72.0,-6.67,5.76,False
2017,Ohio,Mid-American,9.0,4.0,3.3,60.0,22.241799999999998,106.0,0.0,113.0,0,113.0,111,,,0.3452,107.0,,,7.12,37.0,6.16,-0.92,False
2017,Louisiana Tech,Sun Belt,7.0,6.0,-5.5,92.0,22.185499999999998,107.0,0.0094,98.0,1,89.0,106,,,0.232,120.0,,,-1.62,77.0,0.79,-2.99,False
2017,Texas Tech,Big 12,6.0,7.0,4.8,52.0,22.0726,108.0,0.028,55.0,3,51.0,107,,,0.3291,110.0,683.0322049530314,22.0,8.8,25.0,8.46,1.46,False
2017,New Mexico,Mountain West,3.0,9.0,-12.4,107.0,21.5461,109.0,0.016,86.0,2,69.0,125,,,0.559,79.0,,,-7.83,96.0,-4.85,-4.18,False
2017,Utah,Big 12,7.0,6.0,12.0,25.0,21.346,110.0,0.0156,87.0,2,69.0,128,,,0.5367,82.0,516.2744428670803,65.0,16.79,12.0,5.07,9.61,False
2017,Massachusetts,Mid-American,4.0,8.0,-9.7,100.0,21.2872,111.0,0.0,113.0,0,113.0,106,,,0.7447,35.0,,,-4.85,87.0,-1.4,-1.76,False
2017,San José State,Mountain West,2.0,11.0,-20.0,123.0,21.121199999999998,112.0,0.018,75.0,2,69.0,111,,,0.4156,96.0,,,-14.97,115.0,-10.21,-7.28,False
2017,UTSA,American Athletic,6.0,5.0,-2.5,79.0,21.0693,113.0,0.0,113.0,0,113.0,121,,,0.8315,17.0,,,2.59,52.0,-6.68,7.75,False
2017,UTEP,Mountain West,0.0,12.0,-27.4,128.0,20.2882,114.0,0.0244,65.0,3,51.0,123,,,0.3698,104.0,,,-21.47,125.0,-12.13,-8.07,False
2017,Oregon State,Pac-12,1.0,11.0,-12.6,109.0,20.1542,115.0,0.028,55.0,3,51.0,107,,,0.5294,83.0,442.9891303146895,73.0,-6.52,93.0,3.94,-9.21,False
2017,South Alabama,Sun Belt,4.0,8.0,-12.0,106.0,19.5826,116.0,0.0085,107.0,1,89.0,117,,,0.508,86.0,,,-5.3,89.0,-6.24,-0.43,False
2017,Charlotte,American Athletic,1.0,11.0,-26.1,127.0,19.5523,117.0,0.0,113.0,0,113.0,109,,,0.7501,34.0,,,-19.37,121.0,-10.82,-6.72,False
2017,South Florida,American Athletic,10.0,2.0,10.2,32.0,19.2474,118.0,0.0185,73.0,2,69.0,108,,,0.8139,22.0,,,17.26,11.0,7.25,9.93,False
2017,Eastern Michigan,Mid-American,5.0,7.0,-5.3,90.0,18.917800000000003,119.0,0.0351,45.0,4,43.0,114,,,0.8063,24.0,,,2.12,54.0,-2.16,4.89,False
2017,Kansas State,Big 12,8.0,5.0,10.9,29.0,18.080099999999998,120.0,0.0085,107.0,1,89.0,117,,,0.8203,21.0,598.0232324072495,40.0,19.22,7.0,10.71,5.59,False
2017,Colorado,Big 12,5.0,7.0,2.0,64.0,17.9112,121.0,0.0261,62.0,3,51.0,115,,,0.6889,48.0,521.4607168046965,63.0,10.51,20.0,6.71,1.67,False
2017,North Texas,American Athletic,9.0,5.0,-4.5,85.0,17.636599999999998,122.0,0.0085,107.0,1,89.0,117,,,0.4064,97.0,,,4.3,44.0,5.16,-2.39,False
2017,Hawai'i,Mountain West,3.0,9.0,-19.7,121.0,16.933,123.0,0.0,113.0,0,113.0,124,,,0.6046,67.0,,,-10.13,103.0,0.26,-8.15,False
2017,Akron,Mid-American,7.0,7.0,-17.6,119.0,16.752000000000002,124.0,0.0092,102.0,1,89.0,109,,,0.5991,70.0,,,-7.84,97.0,1.16,-7.27,False
2017,Utah State,Pac-12,6.0,7.0,-3.3,83.0,14.957400000000002,125.0,0.0175,79.0,2,69.0,114,,,0.6494,57.0,656.9668901360028,30.0,8.41,30.0,2.48,5.2,False
2017,UAB,Conference USA,8.0,5.0,,,14.796700000000001,126.0,0.0142,88.0,2,69.0,141,,,,,,,,,,,False
2017,Central Michigan,Mid-American,8.0,5.0,-8.6,98.0,14.264999999999999,127.0,0.0,113.0,0,113.0,108,,,0.6379,59.0,,,3.86,46.0,-0.13,5.33,False
2017,New Mexico State,Conference USA,7.0,6.0,-9.4,99.0,13.531000000000002,128.0,0.0,113.0,0,113.0,115,,,0.8096,23.0,,,3.85,48.0,3.39,1.29,False
2017,Idaho,Big Sky,4.0,8.0,-12.4,107.0,11.581499999999998,129.0,0.0,113.0,0,113.0,46,,,0.591,74.0,,,2.96,50.0,-1.31,4.63,False
2017,BYU,Big 12,4.0,9.0,-7.4,96.0,9.854700000000001,130.0,0.0236,66.0,3,51.0,127,,,0.2525,118.0,581.9962219969437,50.0,9.83,22.0,-0.44,9.86,False
2018,Alabama,SEC,14.0,1.0,36.3,1.0,38.5866,1.0,0.3814,2.0,45,2.0,118,21.0,59.0,0.7806,32.0,763.7555784480462,10.0,24.2,2.0,16.22,8.79,False
2018,Georgia,SEC,11.0,3.0,32.9,2.0,38.4613,2.0,0.3719,3.0,45,2.0,121,27.0,6.0,0.8167,24.0,543.5162544380362,63.0,21.02,4.0,11.33,8.89,False
2018,Ohio State,Big Ten,13.0,1.0,24.1,6.0,38.4491,3.0,0.4034,1.0,48,1.0,119,23.0,25.0,0.6016,72.0,741.4233718459694,14.0,12.24,21.0,9.84,1.9,False
2018,Florida State,ACC,5.0,7.0,1.4,71.0,37.5326,4.0,0.3469,4.0,34,7.0,98,20.0,66.0,0.6591,59.0,605.7613063434874,52.0,-8.81,101.0,-8.73,1.06,False
2018,LSU,SEC,10.0,3.0,24.2,5.0,37.5184,5.0,0.3455,5.0,38,4.0,110,19.0,81.0,0.165,127.0,613.8586940685369,50.0,14.02,18.0,1.08,10.47,False
2018,Clemson,ACC,15.0,0.0,29.7,3.0,37.471199999999996,6.0,0.2895,7.0,33,8.0,114,35.0,1.0,0.7942,28.0,724.8055145191678,19.0,19.6,5.0,9.32,11.31,False
2018,Michigan,Big Ten,10.0,3.0,22.0,10.0,37.4072,7.0,0.2517,13.0,37,5.0,147,23.0,25.0,0.8638,14.0,646.4880407874742,38.0,12.02,23.0,1.88,9.67,False
2018,USC,Big Ten,5.0,7.0,9.7,34.0,37.344300000000004,8.0,0.303,6.0,30,11.0,99,19.0,81.0,0.3344,112.0,432.174874796274,74.0,-0.17,65.0,-1.86,1.52,False
2018,Oklahoma,SEC,12.0,2.0,24.9,4.0,37.1078,9.0,0.2893,8.0,35,6.0,121,15.0,118.0,0.4069,102.0,845.1267501234163,3.0,15.46,11.0,20.65,-5.79,False
2018,Texas,SEC,10.0,4.0,11.3,31.0,36.845,10.0,0.2718,10.0,28,13.0,103,22.0,41.0,0.6555,62.0,671.7451102290528,30.0,2.33,56.0,2.19,0.03,False
2018,Notre Dame,FBS Independents,12.0,1.0,20.7,13.0,36.8301,11.0,0.2623,12.0,32,9.0,122,26.0,12.0,0.677,55.0,,,11.76,24.0,1.5,9.94,False
2018,Florida,SEC,10.0,3.0,23.0,9.0,36.771100000000004,12.0,0.2456,14.0,28,13.0,114,23.0,25.0,0.7042,51.0,833.2757358135003,4.0,14.16,17.0,5.55,7.09,False
2018,Auburn,SEC,8.0,5.0,23.6,7.0,36.7527,13.0,0.2793,9.0,31,10.0,111,23.0,25.0,0.8286,22.0,732.1039053298415,17.0,14.79,14.0,3.87,10.41,False
2018,Miami,ACC,7.0,6.0,12.7,27.0,36.6572,14.0,0.2655,11.0,30,11.0,113,19.0,81.0,0.7224,47.0,702.6270575820978,24.0,4.07,45.0,-3.64,8.79,False
2018,Penn State,Big Ten,9.0,4.0,19.0,15.0,36.534,15.0,0.2435,15.0,28,13.0,115,21.0,59.0,0.5887,76.0,734.5635521536474,16.0,10.59,26.0,1.07,10.09,False
2018,Texas A&M,SEC,9.0,4.0,21.6,11.0,36.3947,16.0,0.2063,19.0,26,16.0,126,20.0,66.0,0.5948,73.0,745.0099569032315,13.0,13.44,19.0,7.59,5.01,False
2018,Stanford,ACC,9.0,4.0,13.0,26.0,36.289,17.0,0.2136,17.0,22,17.0,103,27.0,6.0,0.8696,12.0,629.9000316013805,43.0,5.03,39.0,2.79,0.59,False
2018,UCLA,Big Ten,3.0,9.0,-0.4,76.0,36.158500000000004,18.0,0.2316,16.0,22,17.0,95,22.0,41.0,0.3434,109.0,566.1956952016558,56.0,-8.14,99.0,-1.8,-7.4,False
2018,Tennessee,SEC,5.0,7.0,5.5,48.0,36.00619999999999,19.0,0.1696,20.0,19,20.0,112,23.0,25.0,0.4907,92.0,487.6884873195889,68.0,-1.96,78.0,1.04,-3.77,False
2018,South Carolina,SEC,7.0,6.0,14.9,20.0,35.7008,20.0,0.1619,22.0,17,21.0,105,22.0,41.0,0.8872,8.0,640.8440996873491,39.0,7.99,32.0,4.32,1.78,False
2018,Oregon,Big Ten,9.0,4.0,7.3,41.0,35.6624,21.0,0.1683,21.0,17,21.0,101,20.0,66.0,0.6395,67.0,617.6370483314054,48.0,0.45,63.0,2.65,-0.39,False
2018,Ole Miss,SEC,5.0,7.0,9.8,33.0,35.656400000000005,22.0,0.1379,23.0,16,23.0,116,20.0,66.0,0.6221,68.0,701.130024750451,26.0,2.97,54.0,10.06,-5.78,False
2018,Louisville,ACC,2.0,10.0,-9.1,98.0,35.6059,23.0,0.121,25.0,15,24.0,124,18.0,95.0,0.3712,106.0,451.3968812404249,71.0,-15.84,117.0,-7.5,-8.14,False
2018,Mississippi State,SEC,8.0,5.0,23.2,8.0,35.2598,24.0,0.0991,28.0,11,28.0,111,21.0,59.0,0.8753,10.0,658.2040011327188,35.0,17.08,7.0,2.91,15.25,False
2018,Nebraska,Big Ten,4.0,8.0,5.4,49.0,35.217,25.0,0.1102,27.0,13,26.0,118,22.0,41.0,0.4376,99.0,663.9120650041651,32.0,-0.64,69.0,1.05,-1.12,False
2018,TCU,Big 12,7.0,6.0,6.9,43.0,35.2071,26.0,0.0909,30.0,11,28.0,121,25.0,19.0,0.3925,103.0,461.8586322101608,70.0,0.87,60.0,-5.94,8.89,False
2018,Kentucky,SEC,10.0,3.0,13.1,25.0,35.1816,27.0,0.1111,26.0,12,27.0,108,18.0,95.0,0.3302,113.0,551.9534729331561,60.0,7.12,36.0,-2.12,9.51,False
2018,Maryland,Big Ten,5.0,7.0,3.0,59.0,35.1816,27.0,0.1284,24.0,14,25.0,109,27.0,6.0,0.6605,58.0,771.2380797983052,8.0,-2.98,83.0,-4.02,-0.09,False
2018,North Carolina,ACC,2.0,9.0,-2.5,88.0,35.1768,29.0,0.0721,35.0,8,33.0,111,26.0,12.0,0.78,34.0,570.249313793919,55.0,-8.47,100.0,-1.71,-6.08,False
2018,Virginia Tech,ACC,6.0,7.0,3.9,55.0,35.0235,30.0,0.098,29.0,10,30.0,102,14.0,123.0,0.6936,53.0,611.1898413654329,51.0,-1.8,76.0,1.32,-3.46,False
2018,Arkansas,SEC,2.0,10.0,4.5,53.0,34.9944,31.0,0.0847,32.0,10,30.0,118,30.0,3.0,0.6695,56.0,524.6736127678671,64.0,-1.14,72.0,-1.75,0.27,False
2018,Wisconsin,Big Ten,8.0,5.0,15.5,19.0,34.9335,32.0,0.0909,30.0,9,32.0,99,17.0,104.0,0.8518,18.0,617.6674232641568,47.0,9.97,27.0,7.91,4.42,False
2018,Duke,ACC,8.0,5.0,5.0,51.0,34.8132,33.0,0.0714,36.0,7,37.0,98,23.0,25.0,0.852,17.0,708.98247608172,22.0,-0.32,66.0,-0.79,1.12,False
2018,Baylor,Big 12,7.0,6.0,2.0,66.0,34.7992,34.0,0.0667,39.0,7,37.0,105,29.0,4.0,0.8272,23.0,623.6340793114565,45.0,-3.29,85.0,1.83,-4.17,False
2018,Washington,Big Ten,10.0,4.0,19.9,14.0,34.6941,35.0,0.2128,18.0,20,19.0,94,27.0,6.0,0.7722,36.0,638.9259536222985,40.0,14.8,13.0,3.32,13.52,False
2018,Pittsburgh,ACC,7.0,7.0,2.7,61.0,34.6537,36.0,0.0842,33.0,8,33.0,95,18.0,95.0,0.5215,86.0,657.5454743964597,36.0,-2.33,81.0,-2.14,-0.35,False
2018,Missouri,SEC,8.0,5.0,20.8,12.0,34.5537,37.0,0.05,45.0,5,43.0,100,23.0,25.0,0.7591,38.0,678.4853274845045,28.0,15.95,8.0,10.25,5.33,False
2018,Cincinnati,Big 12,11.0,2.0,5.4,49.0,34.4273,38.0,0.0396,53.0,4,51.0,101,17.0,104.0,0.7891,30.0,673.9197778156615,29.0,0.78,61.0,-2.64,3.84,False
2018,Arizona,Big 12,5.0,7.0,3.6,57.0,34.4059,39.0,0.045,48.0,5,43.0,111,23.0,25.0,0.7373,43.0,592.0268607447962,53.0,-0.99,71.0,1.38,-2.54,False
2018,West Virginia,Big 12,8.0,4.0,13.2,24.0,34.398399999999995,40.0,0.0748,34.0,8,33.0,107,15.0,118.0,0.657,60.0,754.8835422531598,12.0,8.63,31.0,10.19,-2.74,False
2018,NC State,ACC,9.0,4.0,9.4,35.0,34.3856,41.0,0.0561,42.0,6,40.0,107,20.0,66.0,0.9066,7.0,781.2179737292871,6.0,4.85,40.0,4.2,-0.23,False
2018,Georgia Tech,ACC,7.0,6.0,0.3,74.0,34.38249999999999,42.0,0.0381,56.0,4,51.0,105,18.0,95.0,0.72,49.0,441.4258687263282,72.0,-4.24,90.0,2.1,-7.42,False
2018,Minnesota,Big Ten,7.0,6.0,6.3,45.0,34.376999999999995,43.0,0.051,43.0,5,43.0,98,17.0,104.0,0.4956,91.0,547.868516832529,62.0,1.77,57.0,-2.69,3.68,False
2018,Northwestern,Big Ten,9.0,5.0,1.9,68.0,34.3626,44.0,0.0309,63.0,3,62.0,97,21.0,59.0,0.5662,79.0,740.9731566773967,15.0,-2.61,82.0,-5.38,4.89,False
2018,Illinois,Big Ten,4.0,8.0,-7.9,97.0,34.3349,45.0,0.07,38.0,7,37.0,100,15.0,118.0,0.5438,82.0,637.8731455763852,41.0,-12.36,107.0,-1.76,-12.08,False
2018,Vanderbilt,SEC,6.0,7.0,7.6,39.0,34.3126,46.0,0.0476,46.0,5,43.0,105,14.0,123.0,0.6175,69.0,714.2382287893574,20.0,3.18,53.0,4.76,-0.57,False
2018,UCF,Big 12,12.0,1.0,16.5,18.0,34.256099999999996,47.0,0.0374,57.0,4,51.0,107,24.0,20.0,0.7817,31.0,904.5688208021835,1.0,12.18,22.0,9.12,1.38,False
2018,Houston,Big 12,8.0,5.0,2.3,64.0,34.2466,48.0,0.045,48.0,5,43.0,111,26.0,12.0,0.3193,114.0,800.2831651247724,5.0,-2.0,79.0,5.92,-8.31,False
2018,Iowa,Big Ten,9.0,4.0,13.3,23.0,34.2429,49.0,0.0408,52.0,4,51.0,98,23.0,25.0,0.4736,96.0,703.5483603607221,23.0,9.01,30.0,-0.47,8.89,False
2018,Michigan State,Big Ten,7.0,6.0,11.5,30.0,34.123400000000004,50.0,0.0594,40.0,6,40.0,101,22.0,41.0,0.9443,5.0,662.1461638031074,33.0,7.42,34.0,-8.67,15.89,False
2018,Texas Tech,Big 12,5.0,7.0,8.7,37.0,34.0322,51.0,0.0357,60.0,4,51.0,112,24.0,20.0,0.1532,128.0,630.111338432347,42.0,4.79,41.0,5.62,-3.03,False
2018,Syracuse,ACC,10.0,3.0,7.5,40.0,34.0004,52.0,0.0417,51.0,4,51.0,96,22.0,41.0,0.5567,81.0,653.6498435183407,37.0,3.64,50.0,1.55,-0.61,False
2018,Indiana,Big Ten,5.0,7.0,1.6,70.0,33.998400000000004,53.0,0.0,114.0,0,114.0,109,19.0,81.0,0.2913,119.0,551.6987641138876,61.0,-2.25,80.0,-0.35,-2.31,False
2018,Oregon State,Pac-12,2.0,10.0,-16.0,111.0,33.9033,54.0,0.0439,50.0,5,43.0,114,18.0,95.0,0.5092,88.0,559.1058936720275,58.0,-19.68,126.0,-1.67,-16.53,False
2018,Iowa State,Big 12,8.0,5.0,7.9,38.0,33.8537,55.0,0.0183,84.0,2,74.0,109,19.0,81.0,0.5823,77.0,623.6928945507007,44.0,4.31,44.0,-0.52,5.41,False
2018,Virginia,ACC,8.0,5.0,7.1,42.0,33.830400000000004,56.0,0.0,114.0,0,114.0,106,17.0,104.0,0.3775,105.0,617.1808505318327,49.0,3.55,51.0,-0.7,4.93,False
2018,Rutgers,Big Ten,1.0,11.0,-12.3,108.0,33.8158,57.0,0.0291,64.0,3,62.0,103,12.0,125.0,0.4796,95.0,561.5091070652988,57.0,-15.82,116.0,-15.39,-1.55,False
2018,Wake Forest,ACC,7.0,6.0,3.6,57.0,33.8001,58.0,0.0111,94.0,1,94.0,90,22.0,41.0,0.3431,110.0,765.2249072976585,9.0,0.1,64.0,0.83,-1.14,False
2018,Washington State,Pac-12,11.0,2.0,11.3,31.0,33.798,59.0,0.0396,53.0,4,51.0,101,16.0,111.0,0.5329,83.0,660.6668390092215,34.0,7.81,33.0,8.43,-0.34,False
2018,Memphis,American Athletic,8.0,6.0,9.2,36.0,33.686499999999995,60.0,0.036,59.0,4,51.0,111,18.0,95.0,0.3915,104.0,,,5.91,37.0,8.53,-3.45,False
2018,South Florida,American Athletic,7.0,6.0,-1.2,83.0,33.6092,61.0,0.0189,82.0,2,74.0,106,23.0,25.0,0.2787,121.0,,,-4.35,91.0,-1.1,-2.68,False
2018,Colorado,Big 12,5.0,7.0,-0.7,79.0,33.527499999999996,62.0,0.0175,90.0,2,74.0,114,17.0,104.0,0.6615,57.0,439.0830353466062,73.0,-3.71,87.0,-3.13,-0.01,False
2018,Boston College,ACC,7.0,5.0,2.4,63.0,33.480000000000004,63.0,0.0105,97.0,1,94.0,95,22.0,41.0,0.8108,25.0,862.4659746572149,2.0,-0.52,68.0,-3.59,5.12,False
2018,Purdue,Big Ten,6.0,7.0,6.5,44.0,33.3381,64.0,0.0392,55.0,4,51.0,102,20.0,66.0,0.7662,37.0,621.6512575499378,46.0,3.83,47.0,7.24,-3.46,False
2018,Florida Atlantic,American Athletic,5.0,7.0,-0.8,81.0,33.2241,65.0,0.0227,73.0,3,62.0,132,22.0,41.0,0.4905,93.0,,,-3.26,84.0,0.94,-2.46,False
2018,Toledo,Mid-American,7.0,6.0,2.0,66.0,33.2017,66.0,0.0,114.0,0,114.0,105,20.0,66.0,0.5067,90.0,,,-0.42,67.0,5.36,-6.94,False
2018,East Carolina,American Athletic,3.0,9.0,-14.9,110.0,33.154,67.0,0.033,62.0,3,62.0,91,16.0,111.0,0.2671,122.0,,,-17.23,120.0,-11.49,-6.7,False
2018,San Diego State,Pac-12,7.0,6.0,6.0,47.0,33.107,68.0,0.0,114.0,0,114.0,106,19.0,81.0,0.4641,97.0,666.6243709455308,31.0,3.75,49.0,-4.15,6.53,False
2018,Colorado State,Pac-12,3.0,9.0,-10.3,102.0,33.0752,69.0,0.0,114.0,0,114.0,100,16.0,111.0,0.2061,125.0,713.0739515439467,21.0,-12.49,108.0,-2.12,-9.14,False
2018,SMU,ACC,5.0,7.0,-5.4,93.0,33.037000000000006,70.0,0.0091,104.0,1,94.0,110,26.0,12.0,0.6406,66.0,513.8580780241664,65.0,-7.52,97.0,-5.69,-2.11,False
2018,Western Michigan,Mid-American,7.0,6.0,-10.7,104.0,32.9516,71.0,0.0,114.0,0,114.0,107,21.0,59.0,0.7785,35.0,,,-12.67,109.0,0.19,-9.74,False
2018,Southern Miss,Sun Belt,6.0,5.0,-5.0,92.0,32.923500000000004,72.0,0.0259,69.0,3,62.0,116,12.0,125.0,0.4283,100.0,,,-6.92,96.0,-12.99,6.29,False
2018,Florida International,Conference USA,9.0,4.0,-7.4,96.0,32.8933,73.0,0.0283,65.0,3,62.0,106,22.0,41.0,0.2261,123.0,,,-9.27,102.0,-2.86,-6.99,False
2018,Marshall,Sun Belt,9.0,4.0,1.0,73.0,32.8708,74.0,0.0192,79.0,2,74.0,104,19.0,81.0,0.4798,94.0,,,-0.83,70.0,-7.54,7.23,False
2018,UL Monroe,Sun Belt,6.0,6.0,-10.9,105.0,32.854699999999994,75.0,0.037,58.0,4,51.0,108,26.0,12.0,0.8017,26.0,,,-12.7,110.0,-3.02,-7.66,False
2018,Arizona State,Big 12,7.0,6.0,5.0,51.0,32.854600000000005,76.0,0.0714,36.0,8,33.0,112,16.0,111.0,0.8846,9.0,571.4820630196164,54.0,3.2,52.0,4.38,-2.66,False
2018,Tulane,American Athletic,7.0,6.0,-3.5,90.0,32.825,77.0,0.0106,96.0,1,94.0,94,22.0,41.0,0.8385,21.0,,,-5.24,92.0,-5.7,-0.53,False
2018,Navy,American Athletic,3.0,10.0,-10.2,101.0,32.8198,78.0,0.0059,113.0,1,94.0,170,20.0,66.0,0.842,20.0,,,-11.93,106.0,-1.99,-10.53,False
2018,Tulsa,American Athletic,3.0,9.0,-11.2,107.0,32.7881,79.0,0.0,114.0,0,114.0,111,22.0,41.0,0.7371,44.0,,,-12.88,111.0,-6.56,-4.5,False
2018,Fresno State,Pac-12,12.0,2.0,17.4,16.0,32.7543,80.0,0.0183,84.0,2,74.0,109,22.0,41.0,0.8484,19.0,688.6412711314458,27.0,15.78,9.0,4.07,12.33,False
2018,Temple,American Athletic,8.0,5.0,2.9,60.0,32.7226,81.0,0.0087,108.0,1,94.0,115,31.0,2.0,0.5191,87.0,,,1.34,58.0,-1.31,3.95,False
2018,Georgia Southern,Sun Belt,10.0,3.0,-2.4,87.0,32.688199999999995,82.0,0.02,77.0,2,74.0,100,17.0,104.0,0.6127,70.0,,,-3.9,89.0,-1.47,-3.72,False
2018,UConn,FBS Independents,1.0,11.0,-26.4,128.0,32.5938,83.0,0.0099,100.0,1,94.0,101,9.0,128.0,0.5276,85.0,,,-27.73,130.0,-4.59,-23.94,False
2018,Western Kentucky,Conference USA,3.0,9.0,-16.1,112.0,32.565200000000004,84.0,0.0192,79.0,2,74.0,104,19.0,81.0,0.2154,124.0,,,-17.38,122.0,-11.36,-3.82,False
2018,Nevada,Mountain West,8.0,5.0,-0.5,77.0,32.5579,85.0,0.0083,109.0,1,94.0,120,22.0,41.0,0.8011,27.0,,,-1.76,75.0,-1.76,-0.01,False
2018,Utah,Big 12,9.0,5.0,16.8,17.0,32.4709,86.0,0.0463,47.0,5,43.0,108,15.0,118.0,0.5092,88.0,755.6046731031468,11.0,15.69,10.0,2.72,9.96,False
2018,Georgia State,Sun Belt,2.0,10.0,-20.4,124.0,32.4537,87.0,0.01,99.0,1,94.0,100,16.0,111.0,0.5693,78.0,,,-21.48,128.0,-5.56,-15.52,False
2018,Louisiana,Sun Belt,7.0,7.0,-6.9,94.0,32.4488,88.0,0.0163,93.0,2,74.0,123,24.0,20.0,0.7481,40.0,,,-7.97,98.0,1.34,-10.82,False
2018,Texas State,Pac-12,3.0,9.0,-16.4,114.0,32.3913,89.0,0.0183,84.0,2,74.0,109,20.0,66.0,0.356,108.0,552.6093451910594,59.0,-17.36,121.0,-14.21,-0.87,False
2018,Old Dominion,Sun Belt,4.0,8.0,-14.1,109.0,32.354299999999995,90.0,0.0345,61.0,4,51.0,116,27.0,6.0,0.6565,61.0,,,-15.0,113.0,-4.17,-11.54,False
2018,Central Michigan,Mid-American,1.0,11.0,-20.0,122.0,32.3319,91.0,0.0273,67.0,3,62.0,110,22.0,41.0,0.182,126.0,,,-20.86,127.0,-20.05,-0.52,False
2018,Northern Illinois,Mountain West,8.0,6.0,-2.7,89.0,32.287600000000005,92.0,0.0111,94.0,1,94.0,90,20.0,66.0,0.7005,52.0,,,-3.48,86.0,-9.91,7.41,False
2018,Buffalo,Mid-American,10.0,4.0,-1.1,82.0,32.271,93.0,0.0182,87.0,2,74.0,110,19.0,81.0,0.7348,45.0,,,-1.85,77.0,2.3,-1.67,False
2018,Ball State,Mid-American,4.0,8.0,-18.9,119.0,32.1845,94.0,0.0096,101.0,1,94.0,104,19.0,81.0,1.2794,1.0,,,-19.49,125.0,-6.42,-11.9,False
2018,Wyoming,Mountain West,6.0,6.0,1.9,68.0,32.1662,95.0,0.0104,98.0,1,94.0,96,22.0,41.0,0.5586,80.0,,,1.34,58.0,-3.81,4.62,False
2018,App State,Sun Belt,11.0,2.0,11.9,29.0,32.1297,96.0,0.0096,101.0,1,94.0,104,16.0,111.0,0.3138,115.0,,,11.41,25.0,1.13,9.35,False
2018,Middle Tennessee,Conference USA,8.0,6.0,-3.8,91.0,31.876100000000008,97.0,0.0175,90.0,2,74.0,114,23.0,25.0,0.7591,38.0,,,-3.84,88.0,-4.24,-0.14,False
2018,Rice,American Athletic,2.0,11.0,-26.4,128.0,31.861900000000006,98.0,0.0,114.0,0,114.0,98,20.0,66.0,0.6115,71.0,,,-26.41,129.0,-13.63,-13.93,False
2018,Ohio,Mid-American,9.0,4.0,4.0,54.0,31.8337,99.0,0.0,114.0,0,114.0,112,18.0,95.0,0.7217,48.0,,,4.04,46.0,9.59,-6.41,False
2018,Army,American Athletic,11.0,2.0,-1.5,84.0,31.7265,100.0,0.0,114.0,0,114.0,172,28.0,5.0,0.5933,75.0,,,-1.27,73.0,0.89,-0.02,False
2018,Coastal Carolina,Sun Belt,5.0,7.0,-17.2,116.0,31.627499999999998,101.0,0.009,105.0,1,94.0,111,5.0,129.0,0.3641,107.0,,,-16.79,119.0,-0.32,-16.94,False
2018,Massachusetts,Mid-American,4.0,8.0,-16.1,112.0,31.591700000000003,102.0,0.0,114.0,0,114.0,102,19.0,81.0,0.8571,15.0,,,-15.63,115.0,-0.59,-13.41,False
2018,Miami (OH),Mid-American,6.0,6.0,-0.7,79.0,31.029899999999994,103.0,0.0,114.0,0,114.0,105,26.0,12.0,0.6488,63.0,,,0.78,61.0,-1.68,0.86,False
2018,UNLV,Mountain West,4.0,8.0,-11.1,106.0,30.9426,104.0,0.0194,78.0,2,74.0,103,18.0,95.0,0.7806,32.0,,,-9.46,103.0,2.9,-9.57,False
2018,Kent State,Mid-American,2.0,10.0,-20.4,124.0,30.7288,105.0,0.0208,75.0,2,74.0,96,26.0,12.0,0.9711,3.0,,,-18.37,123.0,-7.11,-10.79,False
2018,Boise State,Pac-12,10.0,3.0,12.2,28.0,30.7169,106.0,0.022,74.0,2,74.0,91,24.0,20.0,0.5313,84.0,701.2801269744739,25.0,14.25,16.0,9.5,6.72,False
2018,Troy,Sun Belt,10.0,3.0,2.6,62.0,30.635399999999994,107.0,0.0179,89.0,2,74.0,112,23.0,25.0,0.4092,101.0,,,4.79,41.0,-1.13,3.99,False
2018,UTSA,American Athletic,3.0,9.0,-22.1,127.0,30.360699999999998,108.0,0.0174,92.0,2,74.0,115,20.0,66.0,0.0588,130.0,,,-19.41,124.0,-16.18,-4.59,False
2018,Oklahoma State,Big 12,7.0,6.0,13.8,22.0,29.9949,109.0,0.051,43.0,5,43.0,98,20.0,66.0,0.2867,120.0,732.0375406395157,18.0,17.15,6.0,15.05,1.22,False
2018,South Alabama,Sun Belt,3.0,9.0,-17.7,117.0,29.8679,110.0,0.0089,106.0,1,94.0,112,22.0,41.0,0.6482,64.0,,,-14.13,112.0,-2.34,-11.78,False
2018,Air Force,Mountain West,5.0,7.0,-1.8,85.0,29.493699999999997,111.0,0.0072,112.0,1,94.0,138,12.0,125.0,0.6476,65.0,,,2.45,55.0,2.7,-0.67,False
2018,Kansas,Big 12,3.0,9.0,-10.0,100.0,29.335,112.0,0.0278,66.0,3,62.0,108,19.0,81.0,0.8645,13.0,481.20588992869614,69.0,-5.47,93.0,-4.46,-1.24,False
2018,California,ACC,7.0,6.0,3.9,55.0,28.9243,113.0,0.0583,41.0,6,40.0,103,23.0,25.0,0.8739,11.0,492.48960205846845,67.0,9.17,28.0,-7.69,15.41,False
2018,North Texas,American Athletic,9.0,4.0,2.1,65.0,28.914599999999997,114.0,0.019,81.0,2,74.0,105,22.0,41.0,0.7416,42.0,,,7.39,35.0,3.22,1.51,False
2018,Louisiana Tech,Sun Belt,8.0,5.0,-6.9,94.0,28.7858,115.0,0.0206,76.0,2,74.0,97,24.0,20.0,0.7456,41.0,,,-1.38,74.0,-3.87,4.12,False
2018,Eastern Michigan,Mid-American,7.0,6.0,-2.0,86.0,28.179100000000002,116.0,0.0265,68.0,3,62.0,113,20.0,66.0,0.1402,129.0,,,4.61,43.0,0.18,5.52,False
2018,Bowling Green,Mid-American,3.0,9.0,-22.0,126.0,28.165599999999998,117.0,0.0189,82.0,2,74.0,106,15.0,118.0,0.5934,74.0,,,-15.37,114.0,-0.61,-12.27,False
2018,Charlotte,American Athletic,5.0,7.0,-18.5,118.0,27.069,118.0,0.0,114.0,0,114.0,113,19.0,81.0,1.2368,2.0,,,-9.89,104.0,-9.32,-0.96,False
2018,Akron,Mid-American,4.0,8.0,-19.3,120.0,27.0616,119.0,0.0,114.0,0,114.0,116,20.0,66.0,0.338,111.0,,,-10.68,105.0,-12.41,1.55,False
2018,UTEP,Mountain West,1.0,11.0,-26.6,130.0,26.2696,120.0,0.0254,70.0,3,62.0,118,21.0,59.0,0.3011,117.0,,,-16.56,118.0,-11.5,-3.89,False
2018,San José State,Mountain West,1.0,11.0,-17.1,115.0,26.003500000000003,121.0,0.018,88.0,2,74.0,111,21.0,59.0,0.9383,6.0,,,-6.58,95.0,-6.06,-1.27,False
2018,Arkansas State,Sun Belt,8.0,5.0,1.2,72.0,25.261799999999997,122.0,0.024,72.0,3,62.0,125,23.0,25.0,0.7086,50.0,,,13.06,20.0,7.2,6.14,False
2018,Hawai'i,Mountain West,8.0,6.0,-10.4,103.0,23.9761,123.0,0.0,114.0,0,114.0,116,19.0,81.0,0.2965,118.0,,,3.77,48.0,7.96,-4.39,False
2018,New Mexico State,Conference USA,3.0,9.0,-20.2,123.0,23.835699999999996,124.0,0.0,114.0,0,114.0,107,23.0,25.0,0.3023,116.0,,,-5.78,94.0,-2.21,-2.77,False
2018,UAB,American Athletic,11.0,3.0,-0.3,75.0,23.6632,125.0,0.0079,111.0,1,94.0,127,4.0,130.0,0.9533,4.0,,,14.43,15.0,2.84,10.97,False
2018,New Mexico,Mountain West,3.0,9.0,-9.5,99.0,23.5865,126.0,0.008,110.0,1,94.0,125,17.0,104.0,0.7892,29.0,,,5.37,38.0,2.61,-0.27,False
2018,Kansas State,Big 12,5.0,7.0,-0.5,77.0,23.276300000000003,127.0,0.0096,101.0,1,94.0,104,18.0,95.0,0.4592,98.0,402.1673466450754,75.0,14.93,12.0,6.29,8.19,False
2018,BYU,Big 12,7.0,6.0,6.2,46.0,22.2526,128.0,0.0244,71.0,3,62.0,123,27.0,6.0,0.8529,16.0,497.5986030435237,66.0,23.47,3.0,8.91,14.24,False
2018,Utah State,Pac-12,11.0,2.0,14.2,21.0,18.566,129.0,0.0089,106.0,1,94.0,112,23.0,25.0,0.6856,54.0,774.6402233023991,7.0,38.1,1.0,19.63,17.1,False
2018,Liberty,Conference USA,6.0,6.0,-19.7,121.0,15.82,130.0,0.0,114.0,0,114.0,99,16.0,111.0,0.7329,46.0,,,9.13,29.0,10.9,0.18,False
2019,Alabama,SEC,11.0,2.0,32.4,3.0,38.8816,1.0,0.5397,1.0,68,1.0,126,22.0,81.0,0.6963,48.0,647.3926797020349,42.0,14.46,12.0,12.12,3.58,False
2019,Ohio State,Big Ten,13.0,1.0,35.4,1.0,38.828199999999995,2.0,0.464,2.0,58,2.0,125,32.0,6.0,0.2807,116.0,666.5608537890618,35.0,17.66,4.0,8.9,7.7,False
2019,Georgia,SEC,12.0,2.0,26.8,5.0,38.724900000000005,3.0,0.4394,3.0,58,2.0,132,29.0,22.0,0.5716,70.0,555.8660284130419,59.0,9.45,27.0,-1.13,8.51,False
2019,LSU,SEC,15.0,0.0,33.1,2.0,37.9691,4.0,0.4,5.0,46,5.0,115,32.0,6.0,0.8599,10.0,718.7443064598592,20.0,18.62,3.0,14.77,2.38,False
2019,USC,Big Ten,8.0,5.0,13.1,22.0,37.957,5.0,0.3784,7.0,42,10.0,111,22.0,81.0,0.9275,4.0,713.1634411124064,22.0,-1.34,72.0,4.89,-6.6,False
2019,Texas,SEC,8.0,5.0,12.0,26.0,37.7754,6.0,0.3846,6.0,45,6.0,117,18.0,119.0,0.7079,43.0,596.8829823072713,53.0,-1.75,74.0,4.88,-8.02,False
2019,Florida State,ACC,6.0,7.0,1.8,57.0,37.7522,7.0,0.3684,11.0,42,10.0,114,26.0,45.0,0.526,84.0,669.012235237984,34.0,-11.86,112.0,-3.58,-6.57,False
2019,Oklahoma,SEC,12.0,2.0,22.9,8.0,37.638000000000005,8.0,0.4034,4.0,48,4.0,119,28.0,26.0,0.3627,107.0,793.8488004663884,6.0,9.67,25.0,12.5,-4.13,False
2019,Clemson,ACC,14.0,1.0,28.1,4.0,37.5363,9.0,0.3277,13.0,39,15.0,119,30.0,14.0,0.8203,15.0,736.1262482582432,14.0,15.26,11.0,10.06,6.38,False
2019,Michigan,Big Ten,9.0,4.0,20.7,10.0,37.4813,10.0,0.2789,18.0,41,12.0,147,27.0,36.0,0.7538,27.0,673.1052581092847,31.0,8.07,29.0,2.35,5.09,False
2019,Texas A&M,SEC,8.0,5.0,15.0,21.0,37.4071,11.0,0.3333,12.0,44,9.0,132,26.0,45.0,0.6489,55.0,626.7998234267607,47.0,2.65,51.0,0.77,1.85,False
2019,Penn State,Big Ten,11.0,2.0,24.3,6.0,37.34,12.0,0.375,9.0,45,6.0,120,17.0,126.0,0.3916,103.0,694.8445833827516,25.0,12.2,18.0,4.38,5.69,False
2019,Florida,SEC,11.0,2.0,24.0,7.0,37.286199999999994,13.0,0.313,16.0,36,16.0,115,26.0,45.0,0.8624,8.0,720.8130366858041,19.0,12.1,19.0,4.76,6.0,False
2019,Notre Dame,FBS Independents,11.0,2.0,17.7,19.0,37.2346,14.0,0.375,9.0,45,6.0,120,22.0,81.0,0.659,54.0,,,6.0,34.0,2.84,3.11,False
2019,Miami,ACC,6.0,7.0,9.6,32.0,37.1871,15.0,0.3214,14.0,36,16.0,112,24.0,62.0,0.4926,89.0,664.735623659041,36.0,-1.92,75.0,-6.88,6.1,False
2019,Auburn,SEC,9.0,4.0,21.0,9.0,37.1602,16.0,0.32,15.0,40,13.0,125,29.0,22.0,0.4238,97.0,598.9644870870768,51.0,9.58,26.0,1.06,6.86,False
2019,Tennessee,SEC,8.0,5.0,10.8,29.0,37.045500000000004,17.0,0.25,20.0,31,19.0,124,31.0,10.0,0.862,9.0,522.5559383629716,67.0,-0.18,66.0,-4.85,4.6,False
2019,Washington,Big Ten,8.0,5.0,18.3,16.0,36.9634,18.0,0.3774,8.0,40,13.0,106,25.0,58.0,0.5563,76.0,650.3666142796069,40.0,7.63,31.0,2.78,2.67,False
2019,Oregon,Big Ten,12.0,2.0,19.0,15.0,36.9546,19.0,0.2906,17.0,34,18.0,117,28.0,26.0,0.7248,36.0,774.5964882186244,10.0,8.36,28.0,3.09,6.69,False
2019,Stanford,ACC,4.0,8.0,-4.7,88.0,36.8288,20.0,0.2788,19.0,29,20.0,104,24.0,62.0,0.597,63.0,524.6251102082467,66.0,-14.86,120.0,-5.11,-9.75,False
2019,South Carolina,SEC,4.0,8.0,4.8,46.0,36.406,21.0,0.2155,21.0,25,21.0,116,28.0,26.0,0.7174,38.0,529.1257934314685,65.0,-3.76,85.0,-8.23,2.53,False
2019,UCLA,Big Ten,4.0,8.0,-3.9,78.0,36.1482,22.0,0.175,22.0,21,22.0,120,28.0,26.0,0.5576,75.0,577.4843558324951,56.0,-11.48,110.0,-2.82,-8.64,False
2019,Mississippi State,SEC,6.0,7.0,3.5,50.0,35.9424,23.0,0.1513,26.0,18,25.0,119,26.0,45.0,0.5467,79.0,670.154460327237,33.0,-3.3,80.0,2.2,-4.41,False
2019,Wisconsin,Big Ten,10.0,4.0,20.3,11.0,35.835100000000004,24.0,0.1207,31.0,14,31.0,116,26.0,45.0,0.7072,44.0,802.5702583732838,4.0,13.9,13.0,6.98,8.11,False
2019,Nebraska,Big Ten,5.0,7.0,2.6,54.0,35.812999999999995,25.0,0.1161,33.0,18,25.0,155,26.0,45.0,0.7048,45.0,598.8317725936548,52.0,-3.71,84.0,1.51,-2.84,False
2019,Ole Miss,SEC,4.0,8.0,2.9,52.0,35.78830000000001,26.0,0.1379,29.0,16,29.0,116,21.0,94.0,0.2791,117.0,677.400629955249,30.0,-3.32,81.0,-2.05,0.81,False
2019,Arkansas,SEC,2.0,10.0,-10.6,108.0,35.7456,27.0,0.157,23.0,19,23.0,121,33.0,4.0,0.3759,105.0,496.6569416002791,72.0,-16.66,123.0,-8.88,-7.6,False
2019,Kentucky,SEC,8.0,5.0,9.1,34.0,35.7329,28.0,0.1532,25.0,17,27.0,111,21.0,94.0,0.6036,62.0,550.2625292929472,60.0,3.09,49.0,-0.46,2.53,False
2019,Maryland,Big Ten,3.0,9.0,-6.3,94.0,35.711,29.0,0.1495,27.0,16,29.0,107,24.0,62.0,0.7344,34.0,517.0890372417794,68.0,-12.23,113.0,-4.23,-5.53,False
2019,North Carolina,ACC,7.0,6.0,10.3,30.0,35.69540000000001,30.0,0.1157,34.0,14,31.0,121,27.0,36.0,0.5402,80.0,728.3665152405275,16.0,4.43,41.0,4.6,0.2,False
2019,Virginia Tech,ACC,8.0,5.0,8.0,38.0,35.6322,31.0,0.1545,24.0,19,23.0,123,20.0,107.0,0.7421,32.0,724.3528827705577,18.0,2.37,52.0,-0.5,1.63,False
2019,NC State,ACC,4.0,8.0,-6.3,94.0,35.5473,32.0,0.1429,28.0,17,27.0,119,17.0,126.0,0.1353,128.0,563.880060475713,57.0,-11.61,111.0,-8.27,-4.59,False
2019,Arizona State,Big 12,8.0,5.0,6.3,43.0,35.498000000000005,33.0,0.1171,32.0,13,35.0,111,19.0,113.0,0.4065,100.0,680.2492848338673,28.0,1.18,58.0,-2.19,1.51,False
2019,TCU,Big 12,5.0,7.0,6.7,42.0,35.4923,34.0,0.1138,35.0,14,31.0,123,17.0,126.0,0.509,88.0,537.7055927909543,63.0,1.6,56.0,-1.38,2.33,False
2019,Michigan State,Big Ten,7.0,6.0,7.2,41.0,35.4645,35.0,0.0924,38.0,11,37.0,119,28.0,26.0,0.9169,5.0,711.7928791119485,23.0,2.21,54.0,-5.73,9.18,False
2019,Illinois,Big Ten,6.0,7.0,0.6,60.0,35.3657,36.0,0.1308,30.0,14,31.0,107,37.0,1.0,0.6317,60.0,638.3490522609799,45.0,-4.02,87.0,-5.58,-0.31,False
2019,Oklahoma State,Big 12,8.0,5.0,8.7,36.0,35.35,37.0,0.0948,37.0,11,37.0,116,18.0,119.0,0.4306,95.0,658.3448181489396,37.0,4.14,44.0,5.05,-0.68,False
2019,Louisville,ACC,8.0,5.0,0.2,61.0,35.3069,38.0,0.1101,36.0,12,36.0,109,29.0,22.0,0.7135,40.0,636.3722881172625,46.0,-4.2,89.0,4.72,-7.99,False
2019,Baylor,Big 12,11.0,3.0,17.8,18.0,35.2987,39.0,0.075,41.0,9,40.0,120,24.0,62.0,0.7664,25.0,782.6397548578238,9.0,13.43,14.0,4.83,8.33,False
2019,Georgia Tech,ACC,3.0,9.0,-12.0,111.0,35.217200000000005,40.0,0.0847,39.0,10,39.0,118,22.0,81.0,0.4842,90.0,548.9557629684764,61.0,-16.06,122.0,-10.94,-3.1,False
2019,Iowa,Big Ten,10.0,3.0,16.7,20.0,35.2123,41.0,0.072,44.0,9,40.0,125,25.0,58.0,0.2234,123.0,647.5351167039812,41.0,12.66,16.0,0.27,10.61,False
2019,Minnesota,Big Ten,11.0,2.0,19.4,13.0,35.1318,42.0,0.075,41.0,9,40.0,120,22.0,81.0,1.0037,2.0,613.159877084233,50.0,15.67,10.0,10.2,6.37,False
2019,Duke,ACC,5.0,7.0,-1.8,68.0,35.072599999999994,43.0,0.0642,47.0,7,47.0,109,28.0,26.0,0.2888,114.0,594.019243630081,54.0,-5.31,93.0,-9.81,3.1,False
2019,Missouri,SEC,6.0,6.0,7.8,39.0,35.0359,44.0,0.069,45.0,8,45.0,116,33.0,4.0,0.4264,96.0,500.4935884135668,71.0,4.43,41.0,-4.95,9.07,False
2019,Pittsburgh,ACC,8.0,5.0,4.1,48.0,34.996399999999994,45.0,0.0526,52.0,6,50.0,114,32.0,6.0,0.5189,87.0,764.9467144504874,12.0,0.88,60.0,-8.99,10.26,False
2019,Cincinnati,Big 12,11.0,3.0,9.1,34.0,34.9686,46.0,0.0508,54.0,6,50.0,118,26.0,45.0,0.8203,15.0,735.0013545912963,15.0,5.98,35.0,-0.24,5.21,False
2019,West Virginia,Big 12,5.0,7.0,-7.0,97.0,34.9645,47.0,0.0769,40.0,9,40.0,117,28.0,26.0,0.2692,118.0,646.3115715410809,43.0,-10.1,107.0,-6.44,-2.78,False
2019,Purdue,Big Ten,4.0,8.0,-0.7,64.0,34.881099999999996,48.0,0.066,46.0,7,47.0,106,24.0,62.0,0.3921,102.0,543.4394489959559,62.0,-3.48,82.0,1.6,-4.51,False
2019,Utah,Big 12,11.0,3.0,19.5,12.0,34.8358,49.0,0.0635,49.0,8,45.0,126,25.0,58.0,0.9592,3.0,811.844092361494,2.0,16.89,6.0,7.37,9.59,False
2019,UCF,Big 12,10.0,3.0,19.1,14.0,34.825199999999995,50.0,0.0331,67.0,4,60.0,121,27.0,36.0,0.814,18.0,810.7739780847858,3.0,16.53,7.0,8.19,8.51,False
2019,Northwestern,Big Ten,3.0,9.0,-5.5,91.0,34.802499999999995,51.0,0.0374,62.0,4,60.0,107,22.0,81.0,0.2877,115.0,494.6618043595683,74.0,-7.99,102.0,-12.58,6.66,False
2019,Oregon State,Pac-12,5.0,7.0,-0.7,64.0,34.7933,52.0,0.0738,43.0,9,40.0,122,21.0,94.0,0.7695,24.0,693.9729450458092,26.0,-3.15,79.0,4.74,-6.12,False
2019,California,ACC,8.0,5.0,-2.6,74.0,34.7743,53.0,0.0642,47.0,7,47.0,109,21.0,94.0,0.5522,77.0,655.7860236513707,38.0,-4.98,91.0,-5.23,2.02,False
2019,Indiana,Big Ten,8.0,5.0,12.8,23.0,34.7655,54.0,0.0417,58.0,5,55.0,120,20.0,107.0,0.8196,17.0,621.0004397471328,48.0,10.45,21.0,6.58,2.93,False
2019,Vanderbilt,SEC,3.0,9.0,-10.4,106.0,34.7541,55.0,0.055,50.0,6,50.0,109,21.0,94.0,0.593,66.0,461.55283259396816,75.0,-12.7,116.0,-7.2,-6.84,False
2019,Colorado,Big 12,5.0,7.0,-4.1,81.0,34.7136,56.0,0.0357,64.0,4,60.0,112,21.0,94.0,0.8544,11.0,496.587722277586,73.0,-6.25,97.0,1.16,-7.86,False
2019,Iowa State,Big 12,7.0,6.0,12.6,24.0,34.6235,57.0,0.0388,59.0,5,55.0,129,26.0,45.0,0.5739,69.0,756.7192644316625,13.0,10.79,20.0,3.01,7.53,False
2019,Arizona,Big 12,4.0,8.0,-8.0,100.0,34.5996,58.0,0.0435,56.0,5,55.0,115,28.0,26.0,0.583,68.0,652.712793668682,39.0,-9.72,106.0,1.35,-9.02,False
2019,Houston,Big 12,4.0,8.0,-4.3,82.0,34.5976,59.0,0.0531,51.0,6,50.0,113,28.0,26.0,0.8827,7.0,616.8248565130932,49.0,-6.01,95.0,0.85,-8.32,False
2019,Boston College,ACC,6.0,7.0,-5.7,92.0,34.5586,60.0,0.0377,61.0,4,60.0,106,22.0,81.0,0.6661,52.0,849.2534565532419,1.0,-7.26,99.0,2.61,-8.24,False
2019,Syracuse,ACC,5.0,7.0,-3.0,77.0,34.5315,61.0,0.0367,63.0,4,60.0,109,24.0,62.0,0.3766,104.0,765.012543843481,11.0,-4.46,90.0,-4.15,-2.38,False
2019,Rutgers,Big Ten,2.0,10.0,-14.6,117.0,34.519000000000005,62.0,0.0328,69.0,4,60.0,122,20.0,107.0,0.1001,129.0,510.2580383132532,69.0,-16.01,121.0,-11.23,-4.55,False
2019,Virginia,ACC,9.0,5.0,6.3,43.0,34.50919999999999,63.0,0.0077,119.0,1,101.0,130,27.0,36.0,0.7591,26.0,703.6359134267109,24.0,4.93,37.0,1.79,2.07,False
2019,Texas Tech,Big 12,4.0,8.0,2.7,53.0,34.4267,64.0,0.0345,65.0,4,60.0,116,27.0,36.0,0.5632,73.0,679.158234648707,29.0,1.64,55.0,4.02,-3.76,False
2019,Washington State,Pac-12,6.0,7.0,11.1,28.0,34.400999999999996,65.0,0.0331,67.0,4,60.0,121,21.0,94.0,0.4563,94.0,592.0211636120636,55.0,10.14,22.0,13.26,-5.61,False
2019,Wake Forest,ACC,8.0,5.0,2.0,55.0,34.3814,66.0,0.0275,77.0,3,72.0,109,22.0,81.0,0.6781,50.0,787.497137739774,8.0,1.11,59.0,0.99,-1.07,False
2019,Memphis,American Athletic,12.0,2.0,18.0,17.0,34.3671,67.0,0.0522,53.0,6,50.0,115,30.0,14.0,0.7014,47.0,,,17.16,5.0,11.12,4.16,False
2019,Boise State,Pac-12,12.0,2.0,8.1,37.0,34.1549,68.0,0.0288,73.0,3,72.0,104,31.0,10.0,0.3312,110.0,801.6906845327771,5.0,8.07,29.0,4.86,3.0,False
2019,SMU,ACC,10.0,3.0,4.4,47.0,34.095,69.0,0.0294,72.0,4,60.0,136,36.0,2.0,0.7488,29.0,790.8134124056853,7.0,4.59,40.0,6.65,-0.17,False
2019,South Florida,American Athletic,4.0,8.0,-9.8,103.0,34.015299999999996,70.0,0.0093,103.0,1,101.0,108,19.0,113.0,0.7434,31.0,,,-9.3,105.0,-7.42,0.89,False
2019,Florida Atlantic,American Athletic,11.0,3.0,-0.6,63.0,33.9531,71.0,0.0242,81.0,3,72.0,124,27.0,36.0,0.5211,85.0,,,0.13,64.0,0.88,-1.08,False
2019,Kansas State,Big 12,8.0,5.0,6.0,45.0,33.8746,72.0,0.0,120.0,0,120.0,126,23.0,72.0,0.187,126.0,560.3598415530798,58.0,7.03,32.0,1.2,3.79,False
2019,Toledo,Mid-American,6.0,6.0,-13.7,114.0,33.8049,73.0,0.0,120.0,0,120.0,115,21.0,94.0,0.5619,74.0,,,-12.41,114.0,-1.89,-9.67,False
2019,East Carolina,American Athletic,4.0,8.0,-14.0,116.0,33.754000000000005,74.0,0.0286,74.0,3,72.0,105,23.0,72.0,0.7964,19.0,,,-12.51,115.0,-3.41,-9.26,False
2019,Colorado State,Pac-12,4.0,8.0,-3.9,78.0,33.7149,75.0,0.0172,97.0,2,82.0,116,21.0,94.0,0.2518,120.0,643.9269629267425,44.0,-2.27,76.0,-1.24,-1.18,False
2019,Marshall,Sun Belt,8.0,5.0,-1.9,69.0,33.676899999999996,76.0,0.0179,90.0,2,82.0,112,23.0,72.0,0.6728,51.0,,,-0.12,65.0,-3.48,2.4,False
2019,Georgia Southern,Sun Belt,7.0,6.0,-4.5,86.0,33.65820000000001,77.0,0.0308,70.0,4,60.0,130,30.0,14.0,0.7512,28.0,,,-2.65,78.0,-5.05,1.64,False
2019,Florida International,Conference USA,6.0,7.0,-7.0,97.0,33.6479,78.0,0.0278,76.0,3,72.0,108,26.0,45.0,0.7885,22.0,,,-5.11,92.0,-5.24,-0.34,False
2019,Louisiana Tech,Sun Belt,10.0,3.0,0.2,61.0,33.6099,79.0,0.0194,83.0,2,82.0,103,31.0,10.0,0.7348,33.0,,,2.23,53.0,-1.88,4.14,False
2019,Kansas,Big 12,3.0,9.0,-9.8,103.0,33.565200000000004,80.0,0.0435,56.0,5,55.0,115,23.0,72.0,0.415,98.0,509.10416257166764,70.0,-7.6,100.0,-0.9,-5.57,False
2019,San Diego State,Pac-12,10.0,3.0,2.0,55.0,33.5608,81.0,0.0,120.0,0,120.0,111,19.0,113.0,0.5884,67.0,693.2379792677208,27.0,4.22,43.0,-10.5,12.64,False
2019,Tulane,American Athletic,7.0,6.0,7.5,40.0,33.5587,82.0,0.0093,103.0,1,101.0,107,31.0,10.0,0.6147,61.0,,,9.73,24.0,6.01,3.34,False
2019,BYU,Big 12,7.0,6.0,1.3,59.0,33.4132,83.0,0.0244,80.0,3,72.0,123,27.0,36.0,0.7435,30.0,717.3688698463376,21.0,4.08,45.0,1.74,3.34,False
2019,Louisiana,Sun Belt,11.0,3.0,9.6,32.0,33.4132,83.0,0.015,99.0,2,82.0,133,28.0,26.0,0.6642,53.0,,,12.38,17.0,9.84,1.24,False
2019,Fresno State,Pac-12,4.0,8.0,-4.0,80.0,33.4118,85.0,0.0179,90.0,2,82.0,112,22.0,81.0,0.3126,113.0,671.1954514806582,32.0,-1.22,69.0,3.74,-4.05,False
2019,Temple,American Athletic,8.0,5.0,3.2,51.0,33.4011,86.0,0.0177,94.0,2,82.0,113,26.0,45.0,0.5662,72.0,,,6.02,33.0,-2.24,8.77,False
2019,Troy,Sun Belt,5.0,7.0,-4.4,84.0,33.3317,87.0,0.0179,90.0,2,82.0,112,22.0,81.0,0.4772,91.0,,,-1.31,70.0,5.47,-5.69,False
2019,Tulsa,American Athletic,4.0,8.0,-2.5,73.0,33.3146,88.0,0.0085,111.0,1,101.0,117,24.0,62.0,0.7252,35.0,,,0.65,63.0,-2.1,4.55,False
2019,Nevada,Mountain West,7.0,6.0,-12.3,112.0,33.2485,89.0,0.0254,79.0,3,72.0,118,32.0,6.0,0.5301,83.0,,,-8.9,104.0,-7.2,-2.01,False
2019,Western Michigan,Mid-American,7.0,6.0,-4.9,90.0,33.248400000000004,90.0,0.0,120.0,0,120.0,107,24.0,62.0,0.7105,41.0,,,-1.5,73.0,3.0,-2.61,False
2019,Southern Miss,Sun Belt,7.0,6.0,-4.8,89.0,33.2259,91.0,0.0085,111.0,1,101.0,117,21.0,94.0,1.0548,1.0,,,-1.31,70.0,-2.96,2.23,False
2019,Middle Tennessee,Conference USA,4.0,8.0,-11.3,110.0,33.2238,92.0,0.0179,90.0,2,82.0,112,27.0,36.0,0.4108,99.0,,,-7.8,101.0,0.64,-7.46,False
2019,UNLV,Mountain West,4.0,8.0,-17.4,120.0,33.182500000000005,93.0,0.019,84.0,2,82.0,105,23.0,72.0,0.7958,20.0,,,-13.75,118.0,-7.19,-6.08,False
2019,Western Kentucky,Conference USA,9.0,4.0,1.7,58.0,33.157000000000004,94.0,0.0196,82.0,2,82.0,102,26.0,45.0,0.7105,41.0,,,5.45,36.0,-2.85,8.98,False
2019,North Texas,American Athletic,4.0,8.0,-6.1,93.0,33.1519,95.0,0.0185,86.0,2,82.0,108,21.0,94.0,0.8352,14.0,,,-2.33,77.0,-1.45,-2.51,False
2019,Central Michigan,Mid-American,8.0,6.0,-4.4,84.0,33.0903,96.0,0.0268,78.0,3,72.0,112,18.0,119.0,0.246,121.0,,,-0.4,67.0,-0.35,1.22,False
2019,UTSA,American Athletic,4.0,8.0,-23.7,124.0,32.9829,97.0,0.0177,94.0,2,82.0,113,23.0,72.0,0.2372,122.0,,,-19.29,125.0,-7.28,-11.26,False
2019,App State,Sun Belt,13.0,1.0,11.3,27.0,32.9718,98.0,0.0085,111.0,1,101.0,118,30.0,14.0,0.6861,49.0,,,15.75,9.0,8.14,7.26,False
2019,UL Monroe,Sun Belt,5.0,7.0,-10.7,109.0,32.9645,99.0,0.028,75.0,3,72.0,107,30.0,14.0,0.5961,64.0,,,-6.22,96.0,5.35,-10.32,False
2019,Hawai'i,Mountain West,10.0,5.0,-1.9,69.0,32.9178,100.0,0.0171,98.0,2,82.0,117,19.0,113.0,0.7041,46.0,,,2.75,50.0,8.63,-5.23,False
2019,Old Dominion,Sun Belt,1.0,11.0,-24.4,125.0,32.9079,101.0,0.0442,55.0,5,55.0,113,30.0,14.0,0.2024,124.0,,,-19.71,127.0,-15.46,-3.71,False
2019,Georgia State,Sun Belt,7.0,6.0,-10.5,107.0,32.865,102.0,0.0092,105.0,1,101.0,109,26.0,45.0,0.7225,37.0,,,-5.65,94.0,3.41,-7.72,False
2019,UConn,FBS Independents,2.0,10.0,-24.4,125.0,32.8558,103.0,0.0,120.0,0,120.0,101,14.0,130.0,0.0263,130.0,,,-19.51,126.0,-9.77,-9.0,False
2019,Wyoming,Mountain West,8.0,5.0,-1.1,66.0,32.8392,104.0,0.0088,108.0,1,101.0,113,21.0,94.0,0.5193,86.0,,,3.85,47.0,-5.45,9.04,False
2019,Miami (OH),Mid-American,8.0,6.0,-9.2,102.0,32.8215,105.0,0.0,120.0,0,120.0,108,23.0,72.0,0.3373,109.0,,,-4.18,88.0,-6.12,0.77,False
2019,Eastern Michigan,Mid-American,6.0,7.0,-8.6,101.0,32.816599999999994,106.0,0.0339,66.0,4,60.0,118,20.0,107.0,0.6444,57.0,,,-3.56,83.0,3.39,-7.02,False
2019,Utah State,Pac-12,7.0,6.0,-4.3,82.0,32.7868,107.0,0.0092,105.0,1,101.0,109,29.0,22.0,0.55,78.0,725.4540410231004,17.0,0.85,61.0,0.34,-0.15,False
2019,UAB,American Athletic,9.0,5.0,-1.4,67.0,32.7349,108.0,0.0085,111.0,1,101.0,118,20.0,107.0,0.3433,108.0,,,3.95,46.0,-7.48,10.75,False
2019,Northern Illinois,Mountain West,5.0,7.0,-13.9,115.0,32.6907,109.0,0.009,107.0,1,101.0,111,27.0,36.0,0.5959,65.0,,,-8.39,103.0,-5.01,-3.15,False
2019,Texas State,Pac-12,3.0,9.0,-16.2,118.0,32.5955,110.0,0.0182,89.0,2,82.0,110,36.0,2.0,0.3726,106.0,534.2893459571969,64.0,-10.32,108.0,-7.96,-1.76,False
2019,Ball State,Mid-American,5.0,7.0,-4.5,86.0,32.5948,111.0,0.0088,108.0,1,101.0,114,30.0,14.0,0.5321,81.0,,,1.38,57.0,3.94,-1.36,False
2019,Navy,American Athletic,11.0,2.0,9.9,31.0,32.5881,112.0,0.0123,100.0,2,82.0,162,24.0,62.0,0.6444,57.0,,,15.8,8.0,10.45,5.76,False
2019,Bowling Green,Mid-American,3.0,9.0,-27.5,128.0,32.578199999999995,113.0,0.0388,59.0,4,60.0,103,19.0,113.0,0.3298,111.0,,,-21.56,128.0,-10.63,-8.22,False
2019,Ohio,Mid-American,7.0,6.0,3.7,49.0,32.5469,114.0,0.0,120.0,0,120.0,121,25.0,58.0,0.4603,93.0,,,9.76,23.0,10.42,-2.16,False
2019,South Alabama,Sun Belt,2.0,10.0,-20.3,122.0,32.5172,115.0,0.0082,118.0,1,101.0,122,18.0,119.0,0.2625,119.0,,,-14.13,119.0,-9.13,-2.59,False
2019,Coastal Carolina,Sun Belt,5.0,7.0,-12.8,113.0,32.481,116.0,0.0083,117.0,1,101.0,120,20.0,107.0,0.5705,71.0,,,-6.49,98.0,-1.98,-3.82,False
2019,Arkansas State,Sun Belt,8.0,5.0,-2.9,76.0,32.4679,117.0,0.0,120.0,0,120.0,113,26.0,45.0,0.3949,101.0,,,3.46,48.0,4.75,-2.69,False
2019,Kent State,Mid-American,7.0,6.0,-10.2,105.0,32.4585,118.0,0.0297,71.0,3,72.0,101,23.0,72.0,0.9043,6.0,,,-3.81,86.0,0.56,-6.37,False
2019,Massachusetts,Mid-American,1.0,11.0,-34.6,130.0,32.4266,119.0,0.0185,86.0,2,82.0,108,22.0,81.0,0.3193,112.0,,,-28.08,130.0,-9.99,-17.71,False
2019,San José State,Mountain West,5.0,7.0,-7.2,99.0,32.3635,120.0,0.0096,101.0,1,101.0,104,22.0,81.0,0.5317,82.0,,,-0.45,68.0,4.41,-4.98,False
2019,Buffalo,Mid-American,8.0,5.0,-2.0,71.0,32.336600000000004,121.0,0.0086,110.0,1,101.0,116,18.0,119.0,0.1714,127.0,,,4.86,38.0,-0.15,7.18,False
2019,Rice,American Athletic,3.0,9.0,-18.0,121.0,32.3294,122.0,0.0,120.0,0,120.0,104,18.0,119.0,0.4607,92.0,,,-11.12,109.0,-10.03,-1.4,False
2019,Army,American Athletic,5.0,8.0,-2.1,72.0,32.3101,123.0,0.0,120.0,0,120.0,175,30.0,14.0,0.646,56.0,,,4.86,38.0,3.5,1.44,False
2019,Charlotte,American Athletic,7.0,6.0,-6.3,94.0,32.2597,124.0,0.0085,111.0,1,101.0,118,23.0,72.0,0.782,23.0,,,0.85,61.0,4.88,-3.16,False
2019,Akron,Mid-American,0.0,12.0,-29.8,129.0,32.1613,125.0,0.0085,111.0,1,101.0,117,21.0,94.0,0.8365,13.0,,,-22.28,129.0,-17.17,-3.16,False
2019,UTEP,Mountain West,1.0,11.0,-25.6,127.0,32.042500000000004,126.0,0.0177,94.0,2,82.0,113,22.0,81.0,0.1943,125.0,,,-17.63,124.0,-6.68,-11.11,False
2019,New Mexico State,Conference USA,2.0,10.0,-22.0,123.0,31.9634,127.0,0.0095,102.0,1,101.0,105,24.0,62.0,0.717,39.0,,,-13.73,117.0,-5.55,-7.74,False
2019,Air Force,Mountain West,11.0,2.0,12.1,25.0,26.5875,128.0,0.0185,86.0,2,82.0,108,18.0,119.0,0.6377,59.0,,,40.74,1.0,20.22,17.92,False
2019,New Mexico,Mountain West,2.0,10.0,-17.0,119.0,26.1307,129.0,0.019,84.0,2,82.0,105,19.0,113.0,0.7934,21.0,,,13.37,15.0,5.35,5.47,False
2019,Liberty,Conference USA,8.0,5.0,-2.6,74.0,24.973200000000006,130.0,0.0,120.0,0,120.0,116,15.0,129.0,0.8496,12.0,,,32.15,2.0,15.9,15.08,False
2020,Georgia,SEC,8.0,2.0,19.1,8.0,39.043400000000005,1.0,0.4658,3.0,68,2.0,146,34.0,28.0,0.3521,106.0,620.659609789899,42.0,2.19,53.0,-6.0,7.88,False
2020,Alabama,SEC,13.0,0.0,28.3,2.0,38.9679,2.0,0.5407,2.0,73,1.0,135,33.0,34.0,0.5011,86.0,875.2324943207111,6.0,11.67,13.0,10.14,1.51,False
2020,Ohio State,Big Ten,7.0,1.0,28.4,1.0,38.8408,3.0,0.5447,1.0,67,3.0,123,35.0,23.0,0.616,63.0,471.47473806938746,52.0,12.25,11.0,8.88,3.65,False
2020,Clemson,ACC,10.0,2.0,26.1,4.0,38.2164,4.0,0.3952,7.0,49,8.0,124,35.0,23.0,0.7681,32.0,762.6132384043375,20.0,12.27,10.0,7.35,4.79,False
2020,LSU,SEC,5.0,5.0,6.0,41.0,38.161100000000005,5.0,0.4298,5.0,49,8.0,114,27.0,83.0,0.2508,121.0,670.3889547645166,32.0,-7.62,102.0,-1.35,-6.71,False
2020,Texas,SEC,7.0,3.0,9.7,29.0,37.969300000000004,6.0,0.4309,4.0,53,4.0,123,29.0,61.0,0.7001,48.0,770.9089857342531,16.0,-3.21,80.0,0.01,-3.26,False
2020,Texas A&M,SEC,9.0,1.0,16.2,14.0,37.8353,7.0,0.3714,12.0,52,5.0,140,33.0,34.0,0.8099,21.0,745.9452302552155,23.0,3.79,41.0,3.17,0.68,False
2020,USC,Big Ten,5.0,1.0,12.4,22.0,37.7406,8.0,0.3106,18.0,41,16.0,132,36.0,19.0,0.8249,19.0,336.896006250145,64.0,0.34,62.0,3.64,-3.14,False
2020,Florida,SEC,8.0,4.0,19.8,6.0,37.7218,9.0,0.3571,14.0,50,6.0,140,36.0,19.0,0.5727,77.0,891.567173017211,5.0,7.81,28.0,8.98,-1.51,False
2020,Oklahoma,SEC,9.0,2.0,17.8,12.0,37.644499999999994,10.0,0.3876,9.0,50,6.0,129,32.0,40.0,0.2788,116.0,925.5682157287258,2.0,6.1,35.0,8.82,-2.67,False
2020,Notre Dame,FBS Independents,10.0,2.0,21.0,5.0,37.534,11.0,0.4052,6.0,47,11.0,116,24.0,106.0,0.5911,71.0,,,9.71,19.0,4.33,5.43,False
2020,Oregon,Big Ten,4.0,3.0,18.1,10.0,37.451800000000006,12.0,0.3667,13.0,44,15.0,120,30.0,55.0,0.4782,92.0,421.4983806143087,56.0,7.12,29.0,1.29,5.99,False
2020,Tennessee,SEC,3.0,7.0,0.9,63.0,37.4251,13.0,0.2786,20.0,39,17.0,140,35.0,23.0,0.5392,81.0,624.1104945287458,41.0,-9.98,111.0,-9.46,-0.67,False
2020,Auburn,SEC,6.0,5.0,12.6,21.0,37.3326,14.0,0.376,11.0,47,11.0,125,36.0,19.0,0.7328,43.0,731.9617787537946,27.0,2.06,54.0,-0.59,2.4,False
2020,Penn State,Big Ten,4.0,5.0,13.9,16.0,37.3074,15.0,0.3902,8.0,48,10.0,123,28.0,72.0,0.7812,28.0,575.8353374887349,44.0,3.46,44.0,1.46,2.15,False
2020,Washington,Big Ten,3.0,1.0,11.7,24.0,37.227,16.0,0.3866,10.0,46,14.0,119,24.0,106.0,0.2794,115.0,236.3710448131004,71.0,1.56,57.0,-2.49,4.2,False
2020,Miami,ACC,8.0,3.0,12.8,20.0,37.210899999999995,17.0,0.3455,16.0,38,18.0,110,27.0,83.0,0.5432,80.0,772.9879395226915,15.0,2.72,51.0,-0.76,3.13,False
2020,Michigan,Big Ten,2.0,4.0,10.7,27.0,37.1809,18.0,0.3456,15.0,47,11.0,136,22.0,117.0,0.3615,104.0,350.8028105179785,62.0,0.73,60.0,-0.31,1.18,False
2020,Florida State,ACC,3.0,6.0,-4.9,89.0,37.1655,19.0,0.288,19.0,36,19.0,125,29.0,61.0,0.6153,64.0,503.88424140921245,51.0,-14.81,121.0,-6.88,-7.89,False
2020,Stanford,ACC,4.0,2.0,1.6,58.0,37.0838,20.0,0.3271,17.0,35,20.0,107,33.0,34.0,0.673,54.0,341.35057965987465,63.0,-8.01,106.0,-3.12,-4.84,False
2020,South Carolina,SEC,2.0,8.0,-2.4,80.0,36.5581,21.0,0.2397,21.0,29,21.0,121,29.0,61.0,0.4385,97.0,655.5670572834664,37.0,-10.05,114.0,-4.64,-5.18,False
2020,Wisconsin,Big Ten,4.0,3.0,26.5,3.0,36.3728,22.0,0.1479,30.0,21,24.0,142,41.0,8.0,0.6855,51.0,391.0780053578293,60.0,19.54,3.0,6.91,12.66,False
2020,UCLA,Big Ten,3.0,4.0,-1.1,77.0,36.2285,23.0,0.1579,27.0,24,23.0,152,45.0,2.0,0.7329,42.0,542.596117620187,46.0,-7.52,101.0,-0.92,-6.58,False
2020,Mississippi State,SEC,4.0,7.0,-1.4,78.0,36.2141,24.0,0.175,22.0,21,24.0,120,25.0,99.0,0.4948,87.0,767.2468165440222,19.0,-7.77,104.0,-6.09,-1.75,False
2020,Nebraska,Big Ten,3.0,5.0,7.7,35.0,36.1912,25.0,0.1553,28.0,25,22.0,161,29.0,61.0,0.6246,60.0,573.1930868296915,45.0,1.41,58.0,2.25,-0.71,False
2020,North Carolina,ACC,8.0,4.0,18.0,11.0,36.182,26.0,0.1597,25.0,19,29.0,119,26.0,91.0,0.9386,6.0,868.1081175059901,7.0,11.75,12.0,12.27,-0.39,False
2020,Arizona State,Big 12,2.0,2.0,11.4,25.0,36.031,27.0,0.1739,23.0,20,27.0,115,23.0,113.0,0.5894,72.0,284.35255462113,67.0,5.71,37.0,-0.95,6.58,False
2020,Kentucky,SEC,5.0,6.0,2.2,55.0,35.9957,28.0,0.1587,26.0,20,27.0,126,31.0,46.0,0.5129,84.0,632.3196961575225,40.0,-3.36,83.0,-5.18,1.45,False
2020,Arkansas,SEC,3.0,7.0,1.6,58.0,35.9869,29.0,0.1736,24.0,21,24.0,121,28.0,72.0,0.6153,64.0,773.9102828195809,14.0,-3.92,87.0,-2.56,-1.14,False
2020,TCU,Big 12,6.0,4.0,1.6,58.0,35.9279,30.0,0.1269,34.0,17,33.0,134,25.0,99.0,0.7274,44.0,742.2297660355849,25.0,-3.7,86.0,-6.65,2.87,False
2020,Georgia Tech,ACC,3.0,7.0,-1.0,75.0,35.8892,31.0,0.1295,33.0,18,31.0,139,33.0,34.0,1.0144,2.0,709.804807357412,29.0,-6.16,96.0,-3.68,-2.06,False
2020,Ole Miss,SEC,5.0,5.0,4.8,47.0,35.7657,32.0,0.1322,32.0,16,34.0,121,26.0,91.0,0.8974,8.0,734.7268355439194,26.0,0.1,64.0,7.45,-7.23,False
2020,NC State,ACC,8.0,4.0,0.0,70.0,35.6828,33.0,0.1545,29.0,19,29.0,123,25.0,99.0,0.7052,47.0,1002.1593188366197,1.0,-4.39,90.0,-0.69,-3.88,False
2020,Maryland,Big Ten,2.0,3.0,-0.1,71.0,35.6429,34.0,0.12,35.0,15,35.0,125,26.0,91.0,0.6284,59.0,283.8697218724889,68.0,-4.34,89.0,-2.62,-1.81,False
2020,Purdue,Big Ten,2.0,4.0,5.9,43.0,35.6132,35.0,0.0966,38.0,14,36.0,145,32.0,40.0,0.7922,23.0,319.0910502667723,66.0,1.77,55.0,2.24,-0.55,False
2020,Virginia Tech,ACC,5.0,6.0,13.7,17.0,35.566700000000004,36.0,0.1364,31.0,18,31.0,132,31.0,46.0,0.6224,62.0,798.5107310958717,12.0,9.74,18.0,7.73,1.93,False
2020,Michigan State,Big Ten,2.0,5.0,-2.4,80.0,35.5127,37.0,0.0902,39.0,11,39.0,122,30.0,55.0,0.1011,127.0,417.0883290040054,57.0,-6.16,96.0,-11.87,5.83,False
2020,Cincinnati,Big 12,9.0,1.0,18.6,9.0,35.3711,38.0,0.084,41.0,11,39.0,131,37.0,15.0,0.6726,55.0,859.7377351330044,8.0,15.37,4.0,4.59,10.79,False
2020,Louisville,ACC,4.0,7.0,6.5,38.0,35.3171,39.0,0.0984,36.0,12,37.0,122,30.0,55.0,0.7836,26.0,750.6521694158216,22.0,3.47,43.0,7.9,-4.31,False
2020,Utah,Big 12,3.0,2.0,11.9,23.0,35.2965,40.0,0.0851,40.0,12,37.0,141,26.0,91.0,0.3852,101.0,251.32036021276562,70.0,8.95,23.0,6.33,2.52,False
2020,Illinois,Big Ten,2.0,6.0,-5.4,90.0,35.283,41.0,0.0973,37.0,11,39.0,113,45.0,2.0,0.8292,18.0,439.72955818697164,55.0,-8.3,107.0,-5.84,-2.55,False
2020,Pittsburgh,ACC,6.0,5.0,6.0,41.0,35.278800000000004,42.0,0.0783,43.0,9,43.0,115,32.0,40.0,0.7333,41.0,835.8650451088464,10.0,3.11,47.0,-5.03,7.96,False
2020,Baylor,Big 12,2.0,7.0,1.3,62.0,35.261700000000005,43.0,0.0789,42.0,9,43.0,114,25.0,99.0,0.7261,45.0,581.7671171775996,43.0,-1.52,69.0,-4.1,2.69,False
2020,Oklahoma State,Big 12,8.0,3.0,14.2,15.0,35.2243,44.0,0.0647,51.0,9,43.0,139,23.0,113.0,0.8442,14.0,761.1192479034557,21.0,11.52,14.0,1.07,10.26,False
2020,Missouri,SEC,5.0,5.0,-1.0,75.0,35.1846,45.0,0.0756,44.0,9,43.0,119,31.0,46.0,0.2871,113.0,661.0459816362993,35.0,-3.54,85.0,-6.16,2.43,False
2020,Iowa,Big Ten,6.0,2.0,16.3,13.0,35.1806,46.0,0.0597,53.0,8,48.0,134,25.0,99.0,0.5812,74.0,661.2704808871762,34.0,13.78,5.0,0.15,13.54,False
2020,Colorado,Big 12,4.0,2.0,-0.4,73.0,35.0854,47.0,0.0678,47.0,8,48.0,118,29.0,61.0,0.258,120.0,332.1349866240911,65.0,-2.57,76.0,0.73,-3.19,False
2020,West Virginia,Big 12,6.0,4.0,8.5,33.0,35.0607,48.0,0.0593,54.0,7,53.0,118,30.0,55.0,0.7781,30.0,742.8843243337498,24.0,6.43,34.0,-1.42,7.86,False
2020,Northwestern,Big Ten,7.0,2.0,9.0,32.0,35.0519,49.0,0.0435,62.0,5,61.0,115,35.0,23.0,0.8562,12.0,685.9277789557021,31.0,6.96,30.0,-5.31,12.07,False
2020,Iowa State,Big 12,9.0,3.0,13.3,19.0,35.0285,50.0,0.0746,46.0,10,42.0,134,30.0,55.0,0.7543,37.0,839.6095804697328,9.0,11.35,15.0,5.24,6.21,False
2020,Rutgers,Big Ten,3.0,6.0,-10.5,108.0,34.9928,51.0,0.0427,63.0,7,53.0,164,51.0,1.0,0.9004,7.0,669.8973186595542,33.0,-12.32,117.0,-8.39,-4.12,False
2020,Duke,ACC,2.0,9.0,-4.2,87.0,34.9696,52.0,0.0459,59.0,5,61.0,109,26.0,91.0,0.3998,100.0,768.8536760291473,17.0,-5.94,94.0,-7.75,1.92,False
2020,Texas Tech,Big 12,4.0,6.0,-4.2,87.0,34.966699999999996,53.0,0.0511,57.0,7,53.0,137,26.0,91.0,0.5229,82.0,694.571321193251,30.0,-5.92,93.0,-0.75,-4.87,False
2020,Minnesota,Big Ten,3.0,4.0,4.7,48.0,34.9649,54.0,0.065,50.0,8,48.0,123,32.0,40.0,0.7228,46.0,361.83109526904786,61.0,2.98,48.0,6.66,-3.27,False
2020,Vanderbilt,SEC,0.0,9.0,-16.8,121.0,34.9511,55.0,0.0631,52.0,7,53.0,111,27.0,83.0,0.2612,118.0,458.26471207491807,53.0,-18.47,126.0,-11.42,-6.64,False
2020,Indiana,Big Ten,6.0,2.0,11.2,26.0,34.935900000000004,56.0,0.0569,56.0,7,53.0,123,31.0,46.0,0.5933,70.0,506.46244115320417,50.0,9.59,20.0,4.51,4.88,False
2020,Boston College,ACC,6.0,5.0,0.9,63.0,34.9265,57.0,0.0748,45.0,8,48.0,107,34.0,28.0,0.479,91.0,767.7664156572037,18.0,-0.67,68.0,1.63,-2.2,False
2020,Oregon State,Pac-12,2.0,5.0,-0.7,74.0,34.9253,58.0,0.0584,55.0,9,43.0,154,42.0,6.0,0.3133,110.0,442.438403840195,54.0,-2.27,74.0,0.33,-2.5,False
2020,California,ACC,1.0,3.0,2.4,53.0,34.9214,59.0,0.0654,49.0,7,53.0,107,24.0,106.0,0.8846,9.0,145.55446385914342,74.0,0.84,59.0,1.54,-0.69,False
2020,Memphis,American Athletic,8.0,3.0,5.7,44.0,34.8463,60.0,0.0656,48.0,8,48.0,122,31.0,46.0,0.742,39.0,,,4.42,38.0,5.88,-1.75,False
2020,UCF,Big 12,6.0,4.0,13.6,18.0,34.7694,61.0,0.0331,70.0,4,68.0,121,33.0,34.0,0.7645,34.0,832.7817197842477,11.0,12.61,9.0,10.62,2.09,False
2020,Syracuse,ACC,1.0,10.0,-9.8,106.0,34.7373,62.0,0.0348,67.0,4,68.0,115,29.0,61.0,0.5516,79.0,642.2909509290538,38.0,-10.67,115.0,-8.51,-2.45,False
2020,Virginia,ACC,5.0,5.0,0.9,63.0,34.7188,63.0,0.025,83.0,3,76.0,120,31.0,46.0,0.2611,119.0,709.9680719544642,28.0,0.1,64.0,-0.38,0.38,False
2020,Washington State,Pac-12,1.0,3.0,4.2,49.0,34.65990000000001,64.0,0.0321,73.0,5,61.0,156,41.0,8.0,0.4558,96.0,99.27846886867655,75.0,3.62,42.0,9.23,-5.71,False
2020,Wake Forest,ACC,4.0,5.0,0.8,66.0,34.6232,65.0,0.0325,72.0,4,68.0,123,31.0,46.0,0.361,105.0,655.9819343561236,36.0,0.35,61.0,0.1,0.16,False
2020,Boise State,Pac-12,5.0,2.0,6.7,36.0,34.5636,66.0,0.0455,60.0,5,61.0,110,27.0,83.0,0.6928,49.0,536.1675321465627,48.0,6.48,33.0,4.71,1.76,False
2020,Houston,Big 12,3.0,5.0,3.3,51.0,34.549499999999995,67.0,0.0417,65.0,5,61.0,120,39.0,11.0,0.7795,29.0,515.4565368271061,49.0,3.13,46.0,3.84,-0.81,False
2020,East Carolina,American Athletic,3.0,6.0,-11.0,110.0,34.507999999999996,68.0,0.0446,61.0,7,53.0,157,43.0,4.0,1.0,3.0,,,-11.02,116.0,-2.28,-8.83,False
2020,SMU,ACC,7.0,3.0,9.2,31.0,34.492200000000004,69.0,0.0272,76.0,4,68.0,147,29.0,61.0,0.6755,53.0,783.3841959049541,13.0,9.24,21.0,8.15,1.0,False
2020,Arizona,Big 12,0.0,5.0,-3.5,85.0,34.435,70.0,0.0165,101.0,2,92.0,121,27.0,83.0,0.5771,75.0,203.9986775710677,73.0,-3.24,81.0,4.65,-8.0,False
2020,Kansas,Big 12,0.0,9.0,-16.3,119.0,34.4043,71.0,0.0492,58.0,6,60.0,122,24.0,106.0,0.4264,98.0,404.04887275371874,58.0,-15.93,123.0,-9.59,-6.04,False
2020,Florida Atlantic,American Athletic,5.0,4.0,-0.3,72.0,34.3749,72.0,0.0424,64.0,5,61.0,118,23.0,113.0,0.1989,125.0,,,0.18,63.0,-4.83,4.81,False
2020,Louisiana Tech,Sun Belt,5.0,5.0,-7.0,98.0,34.2394,73.0,0.027,77.0,3,76.0,111,28.0,72.0,0.46,95.0,,,-6.02,95.0,-3.38,-2.64,False
2020,South Florida,American Athletic,1.0,8.0,-11.4,112.0,34.1355,74.0,0.0172,99.0,2,92.0,116,35.0,23.0,0.5967,69.0,,,-10.03,112.0,-9.38,-0.55,False
2020,Kansas State,Big 12,4.0,6.0,2.0,56.0,34.113,75.0,0.0,119.0,0,119.0,138,28.0,72.0,0.2753,117.0,640.9849170281052,39.0,3.45,45.0,-0.84,4.29,False
2020,Georgia Southern,Sun Belt,8.0,5.0,0.2,68.0,34.101000000000006,76.0,0.0303,74.0,4,68.0,132,37.0,15.0,0.8181,20.0,,,1.7,56.0,-0.12,1.91,False
2020,Troy,Sun Belt,5.0,6.0,2.3,54.0,34.052499999999995,77.0,0.0336,68.0,4,68.0,119,24.0,106.0,0.5723,78.0,,,3.98,39.0,0.97,3.3,False
2020,UNLV,Mountain West,0.0,6.0,-19.7,125.0,34.0129,78.0,0.0208,89.0,3,76.0,144,43.0,4.0,1.0,3.0,,,-17.87,124.0,-5.35,-12.33,False
2020,Toledo,Mid-American,4.0,2.0,-3.6,86.0,34.007000000000005,79.0,0.0,119.0,0,119.0,117,32.0,40.0,0.6095,67.0,,,-1.75,71.0,2.16,-3.82,False
2020,North Texas,American Athletic,4.0,6.0,-8.0,102.0,33.94030000000001,80.0,0.0261,80.0,3,76.0,115,28.0,72.0,0.4838,89.0,,,-5.9,92.0,1.68,-7.4,False
2020,Tulane,American Athletic,6.0,6.0,4.2,49.0,33.8874,81.0,0.0187,91.0,2,92.0,107,34.0,28.0,0.4685,94.0,,,6.49,32.0,6.08,0.3,False
2020,Florida International,Conference USA,0.0,5.0,-10.7,109.0,33.872,82.0,0.0286,75.0,3,76.0,105,26.0,91.0,0.1821,126.0,,,-8.35,108.0,-5.49,-2.97,False
2020,Colorado State,Pac-12,1.0,3.0,-6.5,94.0,33.8523,83.0,0.0268,79.0,3,76.0,112,29.0,61.0,0.7899,24.0,224.7081295777773,72.0,-4.07,88.0,-2.85,-1.04,False
2020,Louisiana,Sun Belt,10.0,1.0,8.1,34.0,33.8509,84.0,0.0154,103.0,2,92.0,130,31.0,46.0,0.7376,40.0,,,10.53,17.0,6.75,3.87,False
2020,BYU,Big 12,11.0,1.0,19.2,7.0,33.8189,85.0,0.0233,85.0,3,76.0,129,32.0,40.0,0.6652,56.0,895.5263429145839,4.0,21.75,2.0,12.21,9.23,False
2020,UAB,American Athletic,6.0,3.0,6.3,40.0,33.783,86.0,0.0331,70.0,4,68.0,121,34.0,28.0,0.8558,13.0,,,8.98,22.0,-2.22,10.89,False
2020,UTSA,American Athletic,7.0,5.0,-9.6,105.0,33.7361,87.0,0.0254,82.0,3,76.0,118,26.0,91.0,0.8353,15.0,,,-6.74,100.0,-3.03,-4.02,False
2020,Tulsa,American Athletic,6.0,3.0,5.6,45.0,33.7048,88.0,0.0179,93.0,2,92.0,112,29.0,61.0,0.8701,11.0,,,8.57,25.0,2.72,6.23,False
2020,Western Kentucky,Conference USA,5.0,7.0,-3.2,83.0,33.7012,89.0,0.027,77.0,3,76.0,111,34.0,28.0,0.326,108.0,,,-0.21,66.0,-7.87,7.44,False
2020,San Diego State,Pac-12,4.0,4.0,5.3,46.0,33.6897,90.0,0.0,119.0,0,119.0,119,27.0,83.0,0.6152,66.0,540.1812866514748,47.0,8.33,26.0,-6.55,14.76,False
2020,App State,Sun Belt,9.0,3.0,10.3,28.0,33.6502,91.0,0.0248,84.0,3,76.0,121,38.0,14.0,0.7581,36.0,,,13.48,6.0,6.33,7.23,False
2020,Marshall,Sun Belt,7.0,3.0,9.5,30.0,33.6401,92.0,0.009,108.0,1,106.0,111,25.0,99.0,0.5151,83.0,,,12.72,8.0,1.95,10.85,False
2020,Western Michigan,Mid-American,4.0,2.0,0.6,67.0,33.6227,93.0,0.0,119.0,0,119.0,109,33.0,34.0,0.2956,111.0,,,3.88,40.0,4.98,-1.32,False
2020,Bowling Green,Mid-American,0.0,5.0,-26.2,128.0,33.6106,94.0,0.0336,68.0,5,61.0,149,39.0,11.0,0.8331,17.0,,,-22.87,127.0,-13.8,-9.09,False
2020,Fresno State,Pac-12,3.0,3.0,-5.5,91.0,33.568,95.0,0.0177,95.0,2,92.0,113,22.0,117.0,0.3727,102.0,402.1632040466768,59.0,-2.02,73.0,2.78,-4.82,False
2020,Temple,American Athletic,1.0,6.0,-10.0,107.0,33.5347,96.0,0.0163,102.0,2,92.0,123,28.0,72.0,0.6889,50.0,,,-6.39,98.0,-3.16,-2.95,False
2020,Utah State,Pac-12,1.0,5.0,-16.7,120.0,33.5171,97.0,0.0169,100.0,2,92.0,118,28.0,72.0,0.2817,114.0,264.14140362320427,69.0,-13.03,119.0,-6.22,-6.92,False
2020,Middle Tennessee,Conference USA,3.0,6.0,-11.7,113.0,33.464200000000005,98.0,0.0086,110.0,1,106.0,116,28.0,72.0,0.7853,25.0,,,-7.83,105.0,-2.02,-5.63,False
2020,Georgia State,Sun Belt,6.0,4.0,-5.7,93.0,33.462199999999996,99.0,0.0185,92.0,2,92.0,108,36.0,19.0,0.426,99.0,,,-1.82,72.0,2.38,-4.02,False
2020,Charlotte,American Athletic,2.0,4.0,-6.6,96.0,33.400000000000006,100.0,0.0154,103.0,2,92.0,130,37.0,15.0,0.834,16.0,,,-2.49,75.0,3.2,-5.51,False
2020,Coastal Carolina,Sun Belt,11.0,1.0,6.6,37.0,33.3164,101.0,0.0211,88.0,3,76.0,142,27.0,83.0,0.7832,27.0,,,11.02,16.0,7.65,3.14,False
2020,Hawai'i,Mountain West,5.0,4.0,-7.1,99.0,33.3144,102.0,0.0205,90.0,3,76.0,146,41.0,8.0,0.4749,93.0,,,-2.67,77.0,2.16,-4.75,False
2020,Miami (OH),Mid-American,2.0,1.0,-12.9,115.0,33.307,103.0,0.0,119.0,0,119.0,102,22.0,117.0,0.7705,31.0,,,-8.44,109.0,-5.33,-3.14,False
2020,Southern Miss,Sun Belt,3.0,7.0,-7.9,101.0,33.2971,104.0,0.0096,107.0,1,106.0,104,22.0,117.0,0.5866,73.0,,,-3.41,84.0,-1.81,-1.62,False
2020,Kent State,Mid-American,3.0,1.0,-7.5,100.0,33.283100000000005,105.0,0.0381,66.0,4,68.0,105,24.0,106.0,0.8032,22.0,,,-2.95,79.0,3.12,-5.89,False
2020,Central Michigan,Mid-American,3.0,3.0,-1.8,79.0,33.2762,106.0,0.0231,86.0,3,76.0,130,42.0,6.0,0.8841,10.0,,,2.77,49.0,-0.37,3.12,False
2020,Nevada,Mountain West,7.0,2.0,1.9,57.0,33.2183,107.0,0.0084,113.0,1,106.0,119,28.0,72.0,0.7599,35.0,,,6.69,31.0,1.64,5.02,False
2020,Arkansas State,Sun Belt,4.0,7.0,-6.5,94.0,33.175399999999996,108.0,0.0,119.0,0,119.0,104,28.0,72.0,0.6402,58.0,,,-1.55,70.0,5.32,-6.5,False
2020,Wyoming,Mountain West,2.0,4.0,-2.5,82.0,33.1379,109.0,0.0077,117.0,1,106.0,130,23.0,113.0,0.7447,38.0,,,2.59,52.0,-3.31,5.87,False
2020,Akron,Mid-American,1.0,5.0,-23.7,127.0,33.0731,110.0,0.0219,87.0,3,76.0,137,21.0,122.0,1.1634,1.0,,,-18.37,125.0,-14.19,-4.21,False
2020,Northern Illinois,Mountain West,0.0,6.0,-18.4,122.0,33.0673,111.0,0.0083,114.0,1,106.0,121,19.0,124.0,0.6043,68.0,,,-13.05,120.0,-9.58,-3.6,False
2020,New Mexico,Mountain West,2.0,5.0,-15.0,117.0,33.045399999999994,112.0,0.0256,81.0,3,76.0,117,22.0,117.0,0.5767,76.0,,,-9.57,110.0,-1.14,-8.36,False
2020,Texas State,Pac-12,2.0,10.0,-13.4,116.0,32.9777,113.0,0.0174,98.0,2,92.0,115,29.0,61.0,0.6775,52.0,908.3030030486639,3.0,-7.72,103.0,-1.91,-5.84,False
2020,San José State,Mountain West,7.0,1.0,0.1,69.0,32.9769,114.0,0.0179,93.0,2,92.0,112,29.0,61.0,0.5126,85.0,,,5.79,36.0,4.99,0.66,False
2020,Eastern Michigan,Mid-American,2.0,4.0,-12.2,114.0,32.9546,115.0,0.0083,114.0,1,106.0,121,24.0,106.0,0.3682,103.0,,,-6.43,99.0,2.93,-9.39,False
2020,Ohio,Mid-American,2.0,1.0,-3.2,83.0,32.9045,116.0,0.0,119.0,0,119.0,127,39.0,11.0,0.4833,90.0,,,2.76,50.0,4.63,-1.8,False
2020,Navy,American Athletic,3.0,7.0,-9.3,104.0,32.8888,117.0,0.0121,105.0,2,92.0,165,30.0,55.0,0.4935,88.0,,,-3.29,82.0,0.96,-4.17,False
2020,UL Monroe,Sun Belt,0.0,10.0,-18.4,122.0,32.8752,118.0,0.0175,97.0,2,92.0,114,28.0,72.0,0.3374,107.0,,,-12.34,118.0,-3.62,-8.35,False
2020,Army,American Athletic,9.0,3.0,2.7,52.0,32.8425,119.0,0.0176,96.0,3,76.0,170,21.0,122.0,0.6497,57.0,,,8.89,24.0,2.64,6.01,False
2020,Massachusetts,Mid-American,0.0,4.0,-31.3,129.0,32.8325,120.0,0.0085,111.0,1,106.0,118,19.0,124.0,-0.0604,128.0,,,-25.08,128.0,-8.44,-16.47,False
2020,Ball State,Mid-American,7.0,1.0,-6.7,97.0,32.827799999999996,121.0,0.0085,111.0,1,106.0,117,34.0,28.0,0.7667,33.0,,,-0.46,67.0,1.87,-2.46,False
2020,Rice,American Athletic,2.0,3.0,-9.2,103.0,32.7691,122.0,0.0,119.0,0,119.0,113,27.0,83.0,0.3155,109.0,,,-2.74,78.0,-7.72,4.94,False
2020,Liberty,Conference USA,10.0,1.0,6.5,38.0,32.730599999999995,123.0,0.0088,109.0,1,106.0,114,31.0,46.0,0.239,123.0,,,13.1,7.0,9.25,3.92,False
2020,South Alabama,Sun Belt,4.0,7.0,-11.3,111.0,32.718,124.0,0.0,119.0,0,119.0,117,25.0,99.0,0.624,61.0,,,-4.65,91.0,-2.42,-2.16,False
2020,Buffalo,Mid-American,6.0,1.0,1.4,61.0,32.7004,125.0,0.0068,118.0,1,106.0,147,37.0,15.0,1.0,3.0,,,8.12,27.0,2.21,5.97,False
2020,UTEP,Mountain West,3.0,5.0,-18.6,124.0,32.2017,126.0,0.008,116.0,1,106.0,125,16.0,126.0,0.2924,112.0,,,-10.03,112.0,-6.05,-3.72,False
2020,New Mexico State,Conference USA,1.0,1.0,-31.5,130.0,30.238999999999997,127.0,0.0118,106.0,1,106.0,85,12.0,127.0,0.2337,124.0,,,-15.62,122.0,-8.07,-7.73,False
2020,Air Force,Mountain West,3.0,3.0,-5.6,92.0,23.527199999999997,128.0,0.0,119.0,0,119.0,86,8.0,128.0,0.244,122.0,,,35.28,1.0,16.44,18.54,False
2021,Georgia,SEC,14.0,1.0,32.0,1.0,39.2101,1.0,0.5785,2.0,70,3.0,121,37.0,46.0,0.9689,13.0,739.7460452348461,14.0,11.12,18.0,3.61,7.92,False
2021,Alabama,SEC,13.0,2.0,26.0,3.0,39.027499999999996,2.0,0.626,1.0,77,1.0,123,39.0,38.0,0.399,117.0,726.5365631560742,19.0,5.92,45.0,3.5,2.97,False
2021,Ohio State,Big Ten,11.0,2.0,29.3,2.0,39.009,3.0,0.5504,3.0,71,2.0,129,34.0,77.0,0.4633,109.0,654.4344542460879,44.0,9.3,25.0,9.84,-1.99,False
2021,Clemson,ACC,10.0,3.0,18.7,8.0,38.5049,4.0,0.4307,9.0,59,4.0,137,51.0,2.0,0.2566,125.0,485.3552426713485,70.0,0.9,66.0,-8.0,8.0,False
2021,LSU,SEC,6.0,7.0,4.1,65.0,38.1693,5.0,0.5189,4.0,55,6.0,106,24.0,124.0,0.6072,91.0,618.697728570221,54.0,-12.23,108.0,-7.59,-5.35,False
2021,USC,Big Ten,4.0,8.0,-0.6,81.0,38.120900000000006,6.0,0.4186,11.0,54,7.0,129,47.0,6.0,0.7208,68.0,569.2384338195064,62.0,-16.72,121.0,-3.19,-13.05,False
2021,Oklahoma,SEC,11.0,2.0,16.8,13.0,37.900999999999996,7.0,0.4483,8.0,52,9.0,116,35.0,72.0,0.7206,69.0,692.0910319417145,35.0,1.64,61.0,6.08,-4.82,False
2021,Florida,SEC,6.0,7.0,11.0,29.0,37.830200000000005,8.0,0.4667,6.0,56,5.0,120,34.0,77.0,0.2705,124.0,695.4601904011456,32.0,-3.85,88.0,0.13,-2.29,False
2021,Oregon,Big Ten,10.0,4.0,10.2,38.0,37.78660000000001,9.0,0.418,12.0,51,10.0,122,36.0,55.0,0.4946,104.0,603.9199921676332,56.0,-4.46,91.0,0.22,-5.0,False
2021,Texas,SEC,5.0,7.0,8.5,48.0,37.7527,10.0,0.4766,5.0,51,10.0,107,37.0,46.0,0.4191,114.0,645.3156784590898,48.0,-6.01,98.0,-0.11,-7.33,False
2021,Texas A&M,SEC,8.0,4.0,21.1,6.0,37.6416,11.0,0.3833,14.0,46,13.0,120,34.0,77.0,0.6262,86.0,695.0505361229679,33.0,7.07,37.0,-0.88,6.38,False
2021,Miami,ACC,7.0,5.0,10.8,32.0,37.5741,12.0,0.424,10.0,53,8.0,125,42.0,18.0,0.8105,53.0,683.8896276964349,37.0,-2.93,86.0,0.47,-3.59,False
2021,Notre Dame,FBS Independents,11.0,2.0,17.4,11.0,37.4206,13.0,0.466,7.0,48,12.0,103,31.0,97.0,0.3714,118.0,,,4.34,54.0,2.19,2.81,False
2021,Michigan,Big Ten,12.0,2.0,23.4,4.0,37.2118,14.0,0.3833,14.0,46,13.0,120,21.0,127.0,0.5251,100.0,624.9413365938495,51.0,11.25,16.0,2.93,6.32,False
2021,Auburn,SEC,6.0,7.0,11.0,29.0,37.1311,15.0,0.3738,16.0,40,16.0,107,30.0,105.0,0.5994,92.0,647.0317811807122,46.0,-0.8,72.0,-3.2,2.48,False
2021,Washington,Big Ten,4.0,8.0,-0.7,83.0,37.0775,16.0,0.325,17.0,39,17.0,120,28.0,116.0,0.8146,52.0,582.6540592708648,59.0,-12.26,109.0,-10.48,-1.21,False
2021,Penn State,Big Ten,7.0,6.0,14.3,19.0,37.0424,17.0,0.4037,13.0,44,15.0,109,30.0,105.0,0.8402,45.0,563.6763513705355,64.0,2.89,59.0,-5.21,7.85,False
2021,North Carolina,ACC,6.0,7.0,6.4,59.0,36.840900000000005,18.0,0.25,20.0,29,20.0,116,31.0,97.0,0.5048,103.0,668.4408166222349,41.0,-4.13,89.0,5.01,-8.85,False
2021,Tennessee,SEC,7.0,6.0,17.5,10.0,36.7837,19.0,0.2459,22.0,30,19.0,122,35.0,72.0,0.2952,123.0,814.9597714414408,4.0,7.22,36.0,6.74,-0.84,False
2021,Florida State,ACC,5.0,7.0,7.6,53.0,36.549400000000006,20.0,0.2773,18.0,33,18.0,119,40.0,32.0,0.7556,62.0,645.4942780327734,47.0,-1.66,76.0,-2.37,0.42,False
2021,Stanford,ACC,3.0,9.0,-10.2,105.0,36.477599999999995,21.0,0.25,20.0,27,22.0,108,34.0,77.0,0.4024,116.0,463.15732162531543,72.0,-19.14,125.0,-9.82,-10.04,False
2021,South Carolina,SEC,7.0,6.0,3.9,66.0,36.4764,22.0,0.2617,19.0,28,21.0,107,36.0,55.0,0.6468,83.0,621.2582192855921,52.0,-5.04,95.0,-6.02,-0.64,False
2021,Nebraska,Big Ten,3.0,9.0,10.3,35.0,36.4373,23.0,0.1529,32.0,26,23.0,170,36.0,55.0,0.6089,90.0,734.0391639619455,18.0,1.53,62.0,2.17,2.34,False
2021,UCLA,Big Ten,8.0,4.0,9.4,41.0,36.402,24.0,0.2016,26.0,26,23.0,129,37.0,46.0,0.8536,38.0,702.7453839703512,30.0,0.79,68.0,5.84,-4.09,False
2021,Arizona State,Big 12,8.0,5.0,11.8,26.0,36.2532,25.0,0.2212,23.0,25,25.0,113,33.0,85.0,0.8961,27.0,625.2286434242001,50.0,3.84,57.0,1.96,3.1,False
2021,Wisconsin,Big Ten,9.0,4.0,20.1,7.0,36.236399999999996,26.0,0.2035,25.0,23,28.0,113,34.0,77.0,0.8184,51.0,667.5189731965129,42.0,12.21,11.0,-1.71,13.23,False
2021,Arkansas,SEC,9.0,4.0,13.8,22.0,36.1482,27.0,0.2049,24.0,25,25.0,122,43.0,13.0,0.5053,102.0,679.4808673029869,39.0,6.29,42.0,2.98,2.9,False
2021,Georgia Tech,ACC,3.0,9.0,-6.7,96.0,36.0744,28.0,0.1756,29.0,23,28.0,131,41.0,25.0,0.7558,61.0,530.7143301570279,68.0,-13.88,115.0,-4.17,-8.05,False
2021,Ole Miss,SEC,10.0,3.0,14.8,17.0,36.066900000000004,29.0,0.1418,33.0,19,31.0,134,43.0,13.0,0.8245,48.0,785.7526275816294,7.0,7.65,33.0,5.65,1.96,False
2021,Kentucky,SEC,10.0,3.0,13.4,23.0,36.0395,30.0,0.192,27.0,24,27.0,125,40.0,32.0,0.7157,70.0,610.1529390754507,55.0,6.37,40.0,4.01,2.11,False
2021,TCU,Big 12,5.0,7.0,-0.6,81.0,35.937,31.0,0.1776,28.0,19,31.0,107,34.0,77.0,0.8437,42.0,559.9219848304776,65.0,-7.18,100.0,2.32,-9.29,False
2021,NC State,ACC,9.0,3.0,16.1,14.0,35.900499999999994,32.0,0.1567,31.0,21,30.0,134,46.0,7.0,0.6557,80.0,719.9521068354069,22.0,9.68,23.0,2.3,6.99,False
2021,Utah,Big 12,10.0,4.0,15.2,16.0,35.873999999999995,33.0,0.136,35.0,17,34.0,125,31.0,97.0,0.3666,120.0,774.1419702900267,11.0,8.89,27.0,6.46,4.04,False
2021,Maryland,Big Ten,7.0,6.0,6.2,60.0,35.8618,34.0,0.1406,34.0,18,33.0,128,30.0,105.0,0.8535,39.0,715.5434933872905,26.0,-0.06,69.0,4.08,-2.64,False
2021,Mississippi State,SEC,7.0,6.0,10.5,34.0,35.745900000000006,35.0,0.163,30.0,15,36.0,92,29.0,112.0,0.6506,81.0,720.7355965654695,21.0,4.75,50.0,4.13,2.99,False
2021,Virginia Tech,ACC,6.0,7.0,2.4,70.0,35.529700000000005,36.0,0.136,35.0,17,34.0,125,36.0,55.0,0.5624,98.0,676.0868861801838,40.0,-2.41,83.0,-3.32,0.21,False
2021,Michigan State,Big Ten,11.0,2.0,11.2,28.0,35.5105,37.0,0.1034,38.0,12,38.0,116,33.0,85.0,0.5637,97.0,798.6704986403518,5.0,6.48,39.0,4.33,3.75,False
2021,Cincinnati,Big 12,13.0,1.0,21.2,5.0,35.4687,38.0,0.0821,47.0,11,42.0,134,41.0,25.0,0.8565,36.0,851.1824603650072,3.0,16.66,2.0,7.61,9.63,False
2021,Indiana,Big Ten,2.0,10.0,-7.8,100.0,35.4367,39.0,0.0813,50.0,10,43.0,123,44.0,11.0,0.8597,35.0,437.07803112986187,74.0,-12.2,107.0,-9.42,-1.71,False
2021,Iowa,Big Ten,10.0,4.0,11.4,27.0,35.378699999999995,40.0,0.0992,40.0,12,38.0,121,25.0,120.0,0.6251,87.0,746.7118768594568,13.0,7.25,35.0,-6.1,11.31,False
2021,Minnesota,Big Ten,9.0,4.0,14.4,18.0,35.3588,41.0,0.1017,39.0,12,38.0,118,36.0,55.0,0.7839,56.0,618.7033828373192,53.0,10.34,20.0,-0.35,10.34,False
2021,Missouri,SEC,6.0,7.0,3.1,69.0,35.3501,42.0,0.0992,40.0,12,38.0,121,32.0,93.0,0.7448,63.0,682.5572018366457,38.0,-0.92,73.0,1.46,-4.14,False
2021,Northwestern,Big Ten,3.0,9.0,-11.1,106.0,35.2924,43.0,0.0783,51.0,9,48.0,115,37.0,46.0,0.1402,127.0,580.1130592094207,60.0,-14.87,117.0,-10.11,-1.43,False
2021,Baylor,Big 12,12.0,2.0,15.6,15.0,35.290800000000004,44.0,0.0952,42.0,10,43.0,105,41.0,25.0,0.5676,95.0,739.3993908516788,15.0,11.84,14.0,3.59,8.78,False
2021,California,ACC,5.0,7.0,3.4,68.0,35.2802,45.0,0.1102,37.0,13,37.0,118,31.0,97.0,0.9706,12.0,595.5998776261614,58.0,-0.32,71.0,-1.99,0.9,False
2021,Colorado,Big 12,4.0,8.0,-10.0,104.0,35.272800000000004,46.0,0.0865,45.0,9,48.0,104,33.0,85.0,0.7381,66.0,419.2708736209588,75.0,-13.68,114.0,-10.67,-3.69,False
2021,Pittsburgh,ACC,11.0,3.0,17.6,9.0,35.2315,47.0,0.0818,48.0,9,48.0,110,38.0,39.0,0.8524,41.0,979.7026869204125,1.0,14.1,6.0,8.81,4.59,False
2021,West Virginia,Big 12,6.0,7.0,1.8,71.0,35.2303,48.0,0.0707,58.0,7,58.0,99,25.0,120.0,0.8782,31.0,566.0167068115211,63.0,-1.7,78.0,-1.68,1.0,False
2021,Oklahoma State,Big 12,12.0,2.0,17.2,12.0,35.2157,49.0,0.0714,57.0,8,55.0,112,29.0,112.0,0.4486,113.0,706.1850116859141,29.0,13.77,8.0,1.25,11.72,False
2021,Illinois,Big Ten,5.0,7.0,4.3,64.0,35.21169999999999,50.0,0.0877,44.0,10,43.0,114,52.0,1.0,0.9016,26.0,559.7708347742073,66.0,0.88,67.0,-6.14,4.23,False
2021,Louisville,ACC,6.0,7.0,7.8,52.0,35.210499999999996,51.0,0.0818,48.0,9,48.0,110,36.0,55.0,0.7143,71.0,719.8033466466507,24.0,4.39,53.0,5.56,-0.57,False
2021,UCF,Big 12,9.0,4.0,4.8,62.0,35.2063,52.0,0.0734,55.0,8,55.0,109,41.0,25.0,0.6233,88.0,774.3578931307486,10.0,1.41,63.0,0.27,2.64,False
2021,Iowa State,Big 12,7.0,6.0,14.3,19.0,35.1529,53.0,0.0752,53.0,10,43.0,133,34.0,77.0,0.9354,17.0,734.764661914273,17.0,11.14,17.0,4.58,5.95,False
2021,Texas Tech,Big 12,7.0,6.0,9.8,40.0,35.1344,54.0,0.0673,60.0,7,58.0,104,33.0,85.0,0.6312,85.0,718.7581485146065,25.0,6.72,38.0,5.42,-0.92,False
2021,Purdue,Big Ten,9.0,4.0,10.3,35.0,35.080299999999994,55.0,0.0741,54.0,8,55.0,108,33.0,85.0,0.7706,60.0,793.4313161937966,6.0,7.46,34.0,3.53,5.19,False
2021,Memphis,American Athletic,6.0,6.0,1.0,74.0,35.0492,56.0,0.0891,43.0,9,48.0,101,36.0,55.0,0.3674,119.0,,,-1.71,79.0,0.6,-1.55,False
2021,SMU,ACC,8.0,4.0,8.9,44.0,35.0317,57.0,0.072,56.0,9,48.0,125,35.0,72.0,0.4556,110.0,665.2221956520723,43.0,6.27,43.0,7.74,-0.72,False
2021,Oregon State,Pac-12,7.0,6.0,8.9,44.0,35.0146,58.0,0.0833,46.0,10,43.0,120,42.0,18.0,0.8332,47.0,713.3593389044287,27.0,6.34,41.0,7.97,-2.08,False
2021,Boston College,ACC,6.0,6.0,0.9,75.0,34.971599999999995,59.0,0.0776,52.0,9,48.0,116,38.0,39.0,0.9059,23.0,519.2512346628733,69.0,-1.47,75.0,-1.84,0.0,False
2021,Rutgers,Big Ten,5.0,8.0,-3.0,88.0,34.9615,60.0,0.056,62.0,7,58.0,125,45.0,9.0,0.9311,19.0,579.9451154849846,61.0,-5.32,96.0,-8.02,2.82,False
2021,Duke,ACC,3.0,9.0,-13.5,113.0,34.9001,61.0,0.0283,85.0,3,83.0,106,30.0,105.0,0.6787,77.0,696.9889021418658,31.0,-15.56,120.0,-5.29,-9.66,False
2021,Vanderbilt,SEC,2.0,10.0,-19.4,122.0,34.899300000000004,62.0,0.068,59.0,7,58.0,103,29.0,112.0,1.025,6.0,440.3073598669282,73.0,-21.45,129.0,-11.28,-8.96,False
2021,Virginia,ACC,6.0,6.0,7.2,55.0,34.7786,63.0,0.024,91.0,3,83.0,125,43.0,13.0,0.9229,21.0,692.5250149273219,34.0,5.67,46.0,10.87,-4.62,False
2021,Syracuse,ACC,5.0,7.0,0.3,79.0,34.7583,64.0,0.0521,63.0,5,65.0,96,29.0,112.0,1.0425,5.0,597.367406156772,57.0,-1.14,74.0,-1.29,1.72,False
2021,Wake Forest,ACC,11.0,3.0,10.1,39.0,34.751099999999994,65.0,0.0312,81.0,4,71.0,128,42.0,18.0,0.9173,22.0,887.7550669522342,2.0,8.69,29.0,9.63,-2.27,False
2021,Washington State,Pac-12,7.0,6.0,6.7,57.0,34.6905,66.0,0.0231,94.0,3,83.0,130,28.0,116.0,0.7716,59.0,535.5172577200465,67.0,5.56,47.0,3.76,1.05,False
2021,Houston,Big 12,12.0,2.0,10.9,31.0,34.5791,67.0,0.0261,90.0,3,83.0,115,46.0,7.0,0.6478,82.0,778.9421609592445,9.0,10.25,21.0,3.49,7.27,False
2021,Kansas,Big 12,2.0,10.0,-19.7,123.0,34.5617,68.0,0.0488,65.0,6,63.0,123,36.0,55.0,0.8349,46.0,463.3894425242999,71.0,-20.28,127.0,-5.67,-13.3,False
2021,Troy,Sun Belt,5.0,7.0,-6.5,94.0,34.486999999999995,69.0,0.0636,61.0,7,58.0,110,36.0,55.0,0.45,112.0,,,-6.75,99.0,-7.71,0.75,False
2021,Boise State,Pac-12,7.0,5.0,9.4,41.0,34.470299999999995,70.0,0.0435,70.0,4,71.0,92,37.0,46.0,0.9647,14.0,785.6080541494254,8.0,9.22,26.0,0.62,6.68,False
2021,Kansas State,Big 12,8.0,5.0,14.2,21.0,34.4163,71.0,0.0153,108.0,2,96.0,131,32.0,93.0,0.7022,74.0,691.5007983736303,36.0,14.26,5.0,5.84,8.59,False
2021,South Florida,American Athletic,2.0,10.0,-12.1,110.0,34.4152,72.0,0.0268,88.0,3,83.0,112,42.0,18.0,1.0588,3.0,,,-12.04,106.0,-4.16,-8.61,False
2021,Florida Atlantic,American Athletic,5.0,7.0,-5.2,92.0,34.3793,73.0,0.0435,70.0,5,65.0,115,40.0,32.0,0.8428,43.0,,,-4.98,94.0,-4.49,-0.74,False
2021,Arizona,Big 12,1.0,11.0,-12.6,112.0,34.35810000000001,74.0,0.0268,88.0,3,83.0,112,41.0,25.0,0.4792,108.0,634.741422234978,49.0,-12.29,110.0,-8.34,-4.6,False
2021,East Carolina,American Athletic,7.0,5.0,0.5,78.0,34.2805,75.0,0.0444,67.0,6,63.0,135,41.0,25.0,1.0,9.0,,,1.15,65.0,0.02,-0.45,False
2021,Louisiana Tech,Sun Belt,3.0,9.0,-11.6,108.0,34.1945,76.0,0.0204,96.0,2,96.0,98,36.0,55.0,0.6984,76.0,,,-10.57,105.0,-3.6,-6.38,False
2021,Toledo,Mid-American,7.0,6.0,6.9,56.0,34.1883,77.0,0.0,123.0,0,123.0,108,40.0,32.0,0.7095,72.0,,,7.95,31.0,1.82,7.33,False
2021,North Texas,American Athletic,6.0,7.0,-6.5,94.0,34.185900000000004,78.0,0.0381,73.0,4,71.0,105,43.0,13.0,0.5111,101.0,,,-5.44,97.0,-4.08,-0.46,False
2021,Georgia Southern,Sun Belt,3.0,9.0,-15.3,117.0,34.1841,79.0,0.0238,93.0,3,83.0,126,42.0,18.0,0.7321,67.0,,,-14.23,116.0,-8.77,-5.96,False
2021,Louisiana,Sun Belt,13.0,1.0,8.7,47.0,34.1248,80.0,0.0227,95.0,3,83.0,132,49.0,3.0,0.7068,73.0,,,10.03,22.0,3.25,6.96,False
2021,UNLV,Mountain West,2.0,10.0,-13.8,115.0,34.1233,81.0,0.0442,68.0,5,65.0,113,31.0,97.0,0.6619,79.0,,,-12.46,111.0,-7.14,-4.84,False
2021,Fresno State,Pac-12,10.0,3.0,10.8,32.0,34.098200000000006,82.0,0.0505,64.0,5,65.0,99,38.0,39.0,0.7913,55.0,736.3796761165441,16.0,12.25,10.0,7.71,4.01,False
2021,Marshall,Sun Belt,7.0,6.0,8.0,51.0,34.088899999999995,83.0,0.0388,72.0,4,71.0,103,34.0,77.0,0.6987,75.0,,,9.49,24.0,5.83,4.73,False
2021,UTSA,American Athletic,12.0,2.0,6.5,58.0,34.066,84.0,0.0339,79.0,4,71.0,118,48.0,4.0,0.9503,16.0,,,8.09,30.0,6.08,0.47,False
2021,Western Kentucky,Conference USA,9.0,5.0,13.3,24.0,34.041,85.0,0.0381,73.0,4,71.0,105,40.0,32.0,0.4859,106.0,,,15.0,4.0,13.63,-0.48,False
2021,Middle Tennessee,Conference USA,7.0,6.0,-4.0,90.0,34.012699999999995,86.0,0.0463,66.0,5,65.0,108,36.0,55.0,0.576,94.0,,,-2.18,82.0,-2.81,1.28,False
2021,App State,Sun Belt,10.0,4.0,10.3,35.0,34.0099,87.0,0.0364,77.0,4,71.0,110,48.0,4.0,0.6664,78.0,,,12.13,12.0,5.19,4.88,False
2021,Tulane,American Athletic,2.0,10.0,-3.9,89.0,33.9696,88.0,0.008,121.0,1,110.0,125,36.0,55.0,0.8855,30.0,,,-1.89,80.0,1.18,-1.94,False
2021,Florida International,Conference USA,1.0,11.0,-21.6,125.0,33.947599999999994,89.0,0.0275,86.0,3,83.0,109,32.0,93.0,2.8146,1.0,,,-19.5,126.0,-6.77,-11.7,False
2021,Tulsa,American Athletic,7.0,6.0,5.8,61.0,33.944,90.0,0.03,82.0,3,83.0,100,43.0,13.0,0.5665,96.0,,,7.92,32.0,2.03,4.51,False
2021,Temple,American Athletic,3.0,9.0,-19.1,121.0,33.9202,91.0,0.0367,76.0,4,71.0,109,36.0,55.0,0.4522,111.0,,,-16.88,122.0,-9.12,-5.54,False
2021,BYU,Big 12,10.0,3.0,8.9,44.0,33.832300000000004,92.0,0.024,91.0,3,83.0,125,42.0,18.0,0.4825,107.0,723.6457158576892,20.0,11.51,15.0,10.77,0.83,False
2021,Georgia State,Sun Belt,8.0,5.0,1.8,71.0,33.827600000000004,93.0,0.0183,99.0,2,96.0,109,44.0,11.0,1.0005,8.0,,,4.43,52.0,1.08,2.04,False
2021,Arkansas State,Sun Belt,2.0,10.0,-17.9,119.0,33.8086,94.0,0.0085,117.0,1,110.0,117,38.0,39.0,0.7396,65.0,,,-15.19,118.0,-5.38,-11.23,False
2021,San Diego State,Pac-12,12.0,2.0,8.3,50.0,33.792,95.0,0.0204,96.0,2,96.0,98,30.0,105.0,0.8679,33.0,710.8270319270134,28.0,11.08,19.0,-2.64,11.71,False
2021,Coastal Carolina,Sun Belt,11.0,2.0,13.2,25.0,33.790600000000005,96.0,0.0156,107.0,2,96.0,128,37.0,46.0,0.8415,44.0,,,15.99,3.0,13.16,2.71,False
2021,UAB,American Athletic,9.0,4.0,9.1,43.0,33.7761,97.0,0.0299,83.0,4,71.0,134,42.0,18.0,0.6426,84.0,,,11.95,13.0,5.79,7.14,False
2021,Charlotte,American Athletic,5.0,7.0,-13.7,114.0,33.676,98.0,0.0141,109.0,2,96.0,142,45.0,9.0,0.8527,40.0,,,-10.41,104.0,1.5,-12.17,False
2021,Utah State,Pac-12,11.0,3.0,0.1,80.0,33.6733,99.0,0.0095,113.0,1,110.0,105,35.0,72.0,1.0157,7.0,758.3313897909113,12.0,3.4,58.0,2.31,1.14,False
2021,San José State,Mountain West,5.0,7.0,-1.9,85.0,33.6102,100.0,0.036,78.0,4,71.0,111,36.0,55.0,0.7422,64.0,,,1.68,60.0,-3.36,3.96,False
2021,Bowling Green,Mid-American,4.0,8.0,-12.4,111.0,33.609700000000004,101.0,0.037,75.0,4,71.0,108,25.0,120.0,0.3299,121.0,,,-8.82,101.0,-8.86,-0.64,False
2021,Eastern Michigan,Mid-American,7.0,6.0,-7.8,100.0,33.5912,102.0,0.0161,106.0,2,96.0,124,36.0,55.0,0.8958,28.0,,,-4.14,90.0,1.28,-8.0,False
2021,Colorado State,Pac-12,3.0,9.0,-2.4,87.0,33.591,103.0,0.0194,98.0,2,96.0,103,38.0,39.0,0.5977,93.0,719.8367627243206,23.0,1.26,64.0,-2.62,3.3,False
2021,Western Michigan,Mid-American,8.0,5.0,0.6,76.0,33.5384,104.0,0.0,123.0,0,123.0,97,41.0,25.0,0.8237,49.0,,,4.49,51.0,7.29,0.3,False
2021,Southern Miss,Sun Belt,3.0,9.0,-14.2,116.0,33.511900000000004,105.0,0.0171,103.0,2,96.0,117,32.0,93.0,0.491,105.0,,,-10.19,103.0,-10.75,0.75,False
2021,UConn,FBS Independents,1.0,11.0,-25.6,129.0,33.4648,106.0,0.0183,99.0,2,96.0,109,22.0,126.0,,,,,-21.39,128.0,-12.95,-7.35,False
2021,Miami (OH),Mid-American,7.0,6.0,1.5,73.0,33.4045,107.0,0.0,123.0,0,123.0,113,30.0,105.0,0.9314,18.0,,,5.97,44.0,3.77,2.76,False
2021,Liberty,Conference USA,8.0,5.0,8.4,49.0,33.39190000000001,108.0,0.0164,104.0,2,96.0,122,37.0,46.0,0.8659,34.0,,,12.93,9.0,6.6,6.49,False
2021,Old Dominion,Sun Belt,6.0,7.0,-7.4,99.0,33.3895,109.0,0.0286,84.0,3,83.0,105,31.0,97.0,,,,,-2.86,85.0,-4.29,1.59,False
2021,Northern Illinois,Mountain West,9.0,5.0,-7.1,97.0,33.38549999999999,110.0,0.0078,122.0,1,110.0,128,31.0,97.0,0.5357,99.0,,,-2.54,84.0,3.91,-6.5,False
2021,Kent State,Mid-American,7.0,7.0,-6.4,93.0,33.3428,111.0,0.0273,87.0,3,83.0,110,36.0,55.0,0.903,25.0,,,-1.66,76.0,6.9,-7.22,False
2021,Rice,American Athletic,4.0,8.0,-22.9,126.0,33.3416,112.0,0.0081,120.0,1,110.0,124,37.0,46.0,0.2179,126.0,,,-18.15,123.0,-7.19,-8.61,False
2021,Akron,Mid-American,2.0,10.0,-23.1,127.0,33.337900000000005,113.0,0.0442,68.0,5,65.0,113,31.0,97.0,0.6225,89.0,,,-18.33,124.0,-5.09,-12.01,False
2021,Wyoming,Mountain West,7.0,6.0,0.6,76.0,33.31609999999999,114.0,0.0089,115.0,1,110.0,112,26.0,119.0,0.8698,32.0,,,5.46,48.0,0.66,6.24,False
2021,South Alabama,Sun Belt,5.0,7.0,-7.2,98.0,33.262,115.0,0.0336,80.0,4,71.0,119,40.0,32.0,0.7761,58.0,,,-2.1,81.0,-3.83,1.84,False
2021,Central Michigan,Mid-American,9.0,4.0,-1.0,84.0,33.25880000000001,116.0,0.0179,101.0,2,96.0,112,38.0,39.0,0.9032,24.0,,,4.11,55.0,3.28,0.55,False
2021,Nevada,Mountain West,8.0,5.0,3.6,67.0,33.2273,117.0,0.0,123.0,0,123.0,101,33.0,85.0,0.983,11.0,,,8.85,28.0,5.15,3.01,False
2021,New Mexico,Mountain West,3.0,9.0,-18.6,120.0,33.176,118.0,0.0091,114.0,1,110.0,110,30.0,105.0,0.9283,20.0,,,-13.13,113.0,-13.44,0.21,False
2021,Hawai'i,Mountain West,6.0,7.0,-2.3,86.0,33.011399999999995,119.0,0.0174,102.0,2,96.0,115,33.0,85.0,0.9836,10.0,,,3.89,56.0,2.4,0.23,False
2021,Massachusetts,Mid-American,1.0,11.0,-29.3,130.0,33.0071,120.0,0.0111,110.0,1,110.0,90,19.0,128.0,-2.6478,128.0,,,-23.09,130.0,-8.59,-13.56,False
2021,Buffalo,Mid-American,4.0,8.0,-9.5,103.0,33.00470000000001,121.0,0.0,123.0,0,123.0,121,35.0,72.0,0.4063,115.0,,,-3.28,87.0,-0.08,-2.75,False
2021,Ball State,Mid-American,6.0,7.0,-11.2,107.0,32.9553,122.0,0.0096,112.0,1,110.0,104,38.0,39.0,0.7988,54.0,,,-4.76,92.0,-2.98,-3.26,False
2021,Ohio,Mid-American,3.0,9.0,-11.6,108.0,32.892500000000005,123.0,0.0,123.0,0,123.0,99,37.0,46.0,0.9637,15.0,,,-4.89,93.0,0.66,-4.64,False
2021,Texas State,Pac-12,4.0,8.0,-16.0,118.0,32.871,124.0,0.0,123.0,0,123.0,94,36.0,55.0,0.8207,50.0,653.9044325080484,45.0,-9.2,102.0,-3.7,-6.29,False
2021,UL Monroe,Sun Belt,4.0,8.0,-20.3,124.0,32.7113,125.0,0.0085,117.0,1,110.0,117,33.0,85.0,0.8938,29.0,,,-12.8,112.0,-8.46,-4.18,False
2021,Navy,American Athletic,4.0,8.0,-8.5,102.0,32.5054,126.0,0.0085,117.0,1,110.0,118,23.0,125.0,0.3005,122.0,,,-0.1,70.0,-3.63,3.62,False
2021,New Mexico State,Conference USA,2.0,10.0,-24.2,128.0,32.373799999999996,127.0,0.0101,111.0,1,110.0,99,12.0,129.0,1.8038,2.0,,,-15.22,119.0,-2.75,-12.12,False
2021,Army,American Athletic,9.0,4.0,4.7,63.0,32.329299999999996,128.0,0.0088,116.0,1,110.0,113,28.0,116.0,0.8561,37.0,,,13.87,7.0,5.54,8.17,False
2021,UTEP,Mountain West,7.0,6.0,-4.2,91.0,32.326699999999995,129.0,0.0163,105.0,2,96.0,123,25.0,120.0,1.0453,4.0,,,4.98,49.0,0.65,3.37,False
2021,Air Force,Mountain West,10.0,3.0,7.4,54.0,28.6488,130.0,0.0,123.0,0,123.0,102,12.0,129.0,0.7762,57.0,,,32.64,1.0,14.52,16.86,False
2022,Alabama,SEC,11.0,2.0,30.3,4.0,39.2122,1.0,0.5588,2.0,76,1.0,136,27.0,109.0,0.5517,76.0,563.3751460978303,62.0,10.3,18.0,3.35,6.19,False
2022,Georgia,SEC,15.0,0.0,35.3,1.0,39.0081,2.0,0.5154,3.0,67,3.0,130,29.0,101.0,0.6852,41.0,619.2156776437955,52.0,16.22,7.0,-1.78,17.01,False
2022,Ohio State,Big Ten,11.0,2.0,31.1,3.0,38.9653,3.0,0.562,1.0,68,2.0,121,26.0,112.0,0.7473,30.0,586.4421508922532,58.0,12.22,14.0,6.23,5.07,False
2022,Texas A&M,SEC,5.0,7.0,9.1,38.0,38.619699999999995,4.0,0.4538,6.0,59,4.0,130,27.0,109.0,0.5032,83.0,526.0034976003636,72.0,-8.22,99.0,-12.5,4.71,False
2022,Clemson,ACC,11.0,3.0,17.6,13.0,38.479,5.0,0.363,13.0,49,9.0,135,42.0,8.0,0.7857,22.0,640.5515344201309,47.0,0.92,68.0,-2.61,3.03,False
2022,Texas,SEC,8.0,5.0,23.1,7.0,38.090999999999994,6.0,0.4758,5.0,59,4.0,124,35.0,51.0,0.5645,74.0,667.476534544395,33.0,8.18,27.0,1.67,6.53,False
2022,LSU,SEC,10.0,4.0,16.2,14.0,37.8934,7.0,0.3509,14.0,40,15.0,114,24.0,119.0,0.4875,84.0,741.3694629918543,13.0,2.17,63.0,-1.68,4.84,False
2022,Oregon,Big Ten,10.0,3.0,18.9,11.0,37.77120000000001,8.0,0.4331,7.0,55,6.0,127,37.0,35.0,0.1644,125.0,631.522650713787,48.0,5.43,41.0,9.36,-3.87,False
2022,Oklahoma,SEC,6.0,7.0,15.4,19.0,37.6271,9.0,0.4286,8.0,51,8.0,119,43.0,4.0,0.2771,114.0,767.3731150335993,6.0,2.58,60.0,5.66,-3.65,False
2022,USC,Big Ten,11.0,3.0,18.9,11.0,37.558899999999994,10.0,0.3818,11.0,42,14.0,110,39.0,19.0,0.2918,110.0,829.7078534028641,1.0,6.39,36.0,11.65,-3.35,False
2022,Florida,SEC,6.0,7.0,10.4,34.0,37.5584,11.0,0.3934,10.0,48,11.0,122,32.0,71.0,0.2967,109.0,535.781203228173,70.0,-2.11,78.0,4.65,-6.54,False
2022,Notre Dame,FBS Independents,9.0,4.0,10.3,35.0,37.5333,12.0,0.4867,4.0,55,6.0,113,30.0,92.0,0.3882,94.0,,,-2.1,77.0,-4.38,1.59,False
2022,Miami,ACC,5.0,7.0,-2.7,76.0,37.4927,13.0,0.4083,9.0,49,9.0,120,42.0,8.0,0.6733,48.0,662.046104289492,34.0,-14.91,118.0,-10.37,-5.84,False
2022,Michigan,Big Ten,13.0,1.0,32.0,2.0,37.3241,14.0,0.3357,15.0,47,12.0,140,28.0,108.0,0.773,23.0,661.3283916697982,35.0,20.55,4.0,3.7,15.72,False
2022,North Carolina,ACC,9.0,5.0,7.8,46.0,37.2628,15.0,0.2881,17.0,34,17.0,118,33.0,65.0,0.4463,90.0,715.5365042180706,16.0,-3.37,85.0,7.57,-11.59,False
2022,Penn State,Big Ten,11.0,2.0,22.4,8.0,37.149,16.0,0.3689,12.0,45,13.0,122,29.0,101.0,0.7544,27.0,697.5734819985419,26.0,11.75,15.0,2.79,9.69,False
2022,Tennessee,SEC,11.0,2.0,25.2,5.0,36.6366,17.0,0.24,19.0,30,19.0,125,37.0,35.0,0.763,26.0,723.6776610202365,15.0,16.87,6.0,14.91,1.78,False
2022,Auburn,SEC,5.0,7.0,5.1,54.0,36.6353,18.0,0.3043,16.0,35,16.0,115,32.0,71.0,0.4515,88.0,514.8033079646455,73.0,-3.23,83.0,0.22,-3.51,False
2022,Florida State,ACC,10.0,3.0,13.2,23.0,36.6302,19.0,0.275,18.0,33,18.0,120,42.0,8.0,0.6965,39.0,648.807326945058,41.0,4.9,47.0,2.43,3.99,False
2022,Washington,Big Ten,11.0,2.0,15.7,18.0,36.587,20.0,0.2393,20.0,28,20.0,117,31.0,78.0,0.8121,16.0,798.227926054649,4.0,7.59,31.0,8.95,-1.04,False
2022,South Carolina,SEC,8.0,5.0,12.7,26.0,36.4738,21.0,0.2269,24.0,27,21.0,119,37.0,35.0,0.6562,51.0,678.8679151398555,29.0,5.1,44.0,4.07,-0.56,False
2022,Ole Miss,SEC,8.0,5.0,16.2,14.0,36.403000000000006,22.0,0.197,28.0,26,23.0,132,35.0,51.0,0.0352,130.0,711.9944340927495,19.0,8.92,23.0,7.06,1.05,False
2022,Nebraska,Big Ten,4.0,8.0,-1.2,71.0,36.392700000000005,23.0,0.1656,30.0,25,28.0,151,39.0,19.0,0.2604,116.0,644.3859632927154,43.0,-8.43,100.0,-6.21,-0.84,False
2022,Stanford,ACC,3.0,9.0,-7.2,93.0,36.3829,24.0,0.2385,21.0,26,23.0,109,30.0,92.0,0.8485,7.0,643.4398963938294,44.0,-14.38,116.0,-6.08,-9.42,False
2022,UCLA,Big Ten,9.0,4.0,15.0,21.0,36.3344,25.0,0.2301,23.0,26,23.0,113,38.0,27.0,0.6147,65.0,759.7925535026588,7.0,8.03,29.0,14.15,-5.25,False
2022,Georgia Tech,ACC,5.0,7.0,-11.8,102.0,36.3024,26.0,0.2222,25.0,26,23.0,117,39.0,19.0,0.6261,60.0,573.6443993844562,60.0,-18.62,124.0,-12.66,-4.6,False
2022,Wisconsin,Big Ten,7.0,6.0,8.3,42.0,36.233900000000006,27.0,0.1583,32.0,19,33.0,120,30.0,92.0,0.6795,43.0,624.1351100775007,51.0,1.79,65.0,-5.57,7.91,False
2022,Arkansas,SEC,7.0,6.0,12.0,29.0,36.1976,28.0,0.2203,26.0,26,23.0,118,38.0,27.0,0.6739,47.0,642.3709221020939,45.0,5.65,39.0,7.13,-1.23,False
2022,Kentucky,SEC,7.0,6.0,13.0,25.0,36.1242,29.0,0.2308,22.0,27,21.0,117,36.0,44.0,0.6422,56.0,565.6595344563829,61.0,6.99,34.0,-7.76,15.28,False
2022,Mississippi State,SEC,9.0,4.0,15.4,19.0,36.1238,30.0,0.2105,27.0,24,29.0,114,34.0,57.0,0.737,33.0,752.3914720572128,9.0,9.39,21.0,4.14,5.28,False
2022,Missouri,SEC,6.0,7.0,8.1,44.0,36.0162,31.0,0.1789,29.0,22,30.0,123,31.0,78.0,0.3399,101.0,613.5456261261195,53.0,2.58,60.0,-4.66,7.05,False
2022,UCF,Big 12,9.0,5.0,10.3,35.0,35.9481,32.0,0.1293,39.0,15,38.0,116,39.0,19.0,0.6231,61.0,626.4411234302256,50.0,5.08,45.0,0.63,5.15,False
2022,TCU,Big 12,13.0,2.0,24.3,6.0,35.9287,33.0,0.1481,33.0,20,31.0,135,41.0,13.0,0.852,6.0,776.6484378161919,5.0,19.17,5.0,12.88,5.28,False
2022,Utah,Big 12,10.0,4.0,19.2,10.0,35.7968,34.0,0.1368,36.0,16,34.0,117,32.0,71.0,0.848,9.0,809.0030848305811,3.0,14.67,9.0,7.25,8.39,False
2022,Indiana,Big Ten,4.0,8.0,-7.1,90.0,35.709,35.0,0.1304,38.0,15,38.0,115,30.0,92.0,0.2776,113.0,552.7333715945844,67.0,-11.23,110.0,0.09,-10.78,False
2022,NC State,ACC,8.0,5.0,6.8,49.0,35.7051,36.0,0.1653,31.0,20,31.0,121,43.0,4.0,0.6579,50.0,660.00005777023,37.0,2.69,58.0,-9.4,10.53,False
2022,Maryland,Big Ten,8.0,5.0,11.2,32.0,35.6964,37.0,0.1356,37.0,16,34.0,118,31.0,78.0,0.7081,37.0,690.8149412352057,28.0,7.12,32.0,4.03,1.64,False
2022,Michigan State,Big Ten,5.0,7.0,1.2,67.0,35.6846,38.0,0.1416,35.0,16,34.0,113,33.0,65.0,0.7168,34.0,815.2765361283662,2.0,-2.82,81.0,2.16,-3.84,False
2022,Iowa,Big Ten,8.0,5.0,12.7,26.0,35.6404,39.0,0.1181,41.0,15,38.0,127,25.0,116.0,0.9173,4.0,650.61625828762,40.0,8.88,24.0,-13.62,20.83,False
2022,Cincinnati,Big 12,9.0,4.0,13.1,24.0,35.5351,40.0,0.1207,40.0,14,41.0,116,34.0,57.0,0.3076,108.0,742.154455890394,12.0,9.76,20.0,-1.72,9.99,False
2022,West Virginia,Big 12,5.0,7.0,2.4,63.0,35.5069,41.0,0.0804,51.0,9,52.0,112,29.0,101.0,0.184,123.0,641.6097236164256,46.0,-0.82,73.0,7.06,-8.36,False
2022,Arizona State,Big 12,3.0,9.0,-4.1,82.0,35.506699999999995,42.0,0.1429,34.0,16,34.0,112,33.0,65.0,0.1388,127.0,606.307335968618,54.0,-7.32,94.0,1.26,-9.56,False
2022,Oklahoma State,Big 12,7.0,6.0,11.3,31.0,35.472500000000004,43.0,0.093,48.0,12,44.0,129,34.0,57.0,0.8693,5.0,645.3104105165247,42.0,8.24,26.0,8.45,-1.71,False
2022,Texas Tech,Big 12,8.0,5.0,8.5,41.0,35.449999999999996,44.0,0.0756,55.0,9,52.0,119,35.0,51.0,0.5663,72.0,698.0395789200295,24.0,5.54,40.0,9.41,-4.27,False
2022,Baylor,Big 12,6.0,7.0,11.7,30.0,35.444199999999995,45.0,0.1161,42.0,13,42.0,112,32.0,71.0,0.181,124.0,655.7657820061004,38.0,8.77,25.0,8.53,0.13,False
2022,Minnesota,Big Ten,9.0,4.0,16.0,16.0,35.4374,46.0,0.1101,44.0,12,44.0,109,31.0,78.0,0.7436,32.0,554.4973170861921,66.0,13.1,12.0,-5.55,17.64,False
2022,Northwestern,Big Ten,1.0,11.0,-13.4,110.0,35.3414,47.0,0.0926,49.0,10,49.0,108,32.0,71.0,0.5609,75.0,532.2520045311861,71.0,-15.87,120.0,-11.78,-2.21,False
2022,Pittsburgh,ACC,9.0,4.0,8.6,40.0,35.3352,48.0,0.069,62.0,8,61.0,116,36.0,44.0,0.289,111.0,692.5378492935281,27.0,6.16,38.0,4.03,1.7,False
2022,Virginia Tech,ACC,3.0,8.0,-9.5,98.0,35.318799999999996,49.0,0.104,46.0,13,42.0,125,30.0,92.0,0.2024,122.0,558.2111674959526,64.0,-11.86,111.0,-15.22,3.63,False
2022,Arizona,Big 12,5.0,7.0,-3.2,78.0,35.3078,50.0,0.1091,45.0,12,44.0,110,37.0,35.0,0.5912,68.0,702.0025218730976,22.0,-5.51,89.0,8.91,-14.65,False
2022,California,ACC,4.0,8.0,-3.0,77.0,35.2707,51.0,0.0877,50.0,10,49.0,114,24.0,119.0,0.2111,121.0,671.0171423902807,32.0,-5.15,88.0,-5.39,0.6,False
2022,SMU,ACC,7.0,6.0,4.7,56.0,35.2569,52.0,0.0758,54.0,10,49.0,132,38.0,27.0,0.6839,42.0,660.6257393209459,36.0,2.62,59.0,13.45,-11.58,False
2022,Iowa State,Big 12,4.0,8.0,5.3,53.0,35.235200000000006,53.0,0.0703,60.0,9,52.0,128,27.0,109.0,0.3087,107.0,536.5245420616725,69.0,3.31,55.0,-10.79,15.96,False
2022,Boston College,ACC,3.0,9.0,-14.9,113.0,35.2114,54.0,0.1111,43.0,12,44.0,108,22.0,125.0,0.6279,59.0,563.041762290564,63.0,-16.78,121.0,-8.02,-7.2,False
2022,Oregon State,Pac-12,10.0,3.0,14.3,22.0,35.1519,55.0,0.0744,57.0,9,52.0,121,39.0,19.0,0.6792,44.0,746.2203383548069,10.0,12.69,13.0,5.04,8.99,False
2022,Rutgers,Big Ten,4.0,8.0,-9.1,96.0,35.151700000000005,56.0,0.0692,61.0,9,52.0,130,36.0,44.0,0.6379,58.0,589.1080505662676,57.0,-10.71,109.0,-11.86,1.49,False
2022,Illinois,Big Ten,8.0,5.0,15.9,17.0,35.1044,57.0,0.094,47.0,11,48.0,117,37.0,35.0,0.4875,84.0,543.887570997512,68.0,14.51,11.0,-7.53,21.26,False
2022,Purdue,Big Ten,8.0,6.0,7.7,47.0,35.086299999999994,58.0,0.0776,52.0,9,52.0,116,31.0,78.0,0.6012,66.0,698.304869798477,23.0,6.39,36.0,3.53,4.39,False
2022,Virginia,ACC,3.0,7.0,-9.0,95.0,35.0389,59.0,0.065,64.0,8,61.0,123,34.0,57.0,0.7992,18.0,450.7612200921457,74.0,-10.1,106.0,-11.74,2.46,False
2022,Colorado,Big 12,1.0,11.0,-20.4,124.0,34.9833,60.0,0.0342,92.0,4,81.0,117,29.0,101.0,0.6959,40.0,425.38151240118947,75.0,-21.25,129.0,-3.79,-18.05,False
2022,Louisville,ACC,8.0,5.0,9.0,39.0,34.9771,61.0,0.0593,69.0,7,65.0,118,35.0,51.0,0.7437,31.0,712.3143670413806,18.0,8.18,27.0,-0.77,7.86,False
2022,Vanderbilt,SEC,5.0,7.0,-4.7,86.0,34.9765,62.0,0.0556,71.0,6,71.0,108,31.0,78.0,0.6469,54.0,604.5533052517899,55.0,-5.51,89.0,2.13,-6.44,False
2022,Syracuse,ACC,7.0,6.0,2.5,62.0,34.953199999999995,63.0,0.0463,77.0,5,77.0,108,30.0,92.0,0.802,17.0,599.196123538169,56.0,1.79,65.0,-0.3,2.3,False
2022,Houston,Big 12,8.0,5.0,4.5,57.0,34.947199999999995,64.0,0.0642,66.0,7,65.0,109,38.0,27.0,0.7721,24.0,724.8260545011009,14.0,3.82,53.0,14.81,-10.69,False
2022,Duke,ACC,9.0,4.0,5.0,55.0,34.9408,65.0,0.0357,88.0,4,81.0,112,38.0,27.0,0.3715,95.0,697.836718125361,25.0,4.35,48.0,1.73,2.32,False
2022,South Florida,American Athletic,1.0,11.0,-17.0,119.0,34.8732,66.0,0.0756,55.0,9,52.0,119,41.0,13.0,0.601,67.0,,,-17.35,122.0,6.62,-23.18,False
2022,Memphis,American Athletic,7.0,6.0,6.8,49.0,34.7358,67.0,0.0609,67.0,7,65.0,115,29.0,101.0,0.7531,28.0,,,7.08,33.0,9.9,-4.47,False
2022,Florida Atlantic,American Athletic,5.0,7.0,-7.1,90.0,34.6644,68.0,0.0598,68.0,7,65.0,117,33.0,65.0,0.8219,14.0,,,-6.5,92.0,-2.5,-2.96,False
2022,Wake Forest,ACC,8.0,5.0,8.2,43.0,34.5907,69.0,0.0413,79.0,5,77.0,121,37.0,35.0,0.792,20.0,744.8678006920862,11.0,9.13,22.0,16.6,-7.64,False
2022,Kansas,Big 12,6.0,7.0,2.9,61.0,34.587500000000006,70.0,0.0522,73.0,6,71.0,115,38.0,27.0,0.8422,11.0,757.3529761870994,8.0,3.85,52.0,13.91,-8.44,False
2022,Arkansas State,Sun Belt,3.0,9.0,-13.0,106.0,34.582300000000004,71.0,0.0317,95.0,4,81.0,126,30.0,92.0,0.3631,97.0,,,-12.03,112.0,-2.97,-10.93,False
2022,Kansas State,Big 12,10.0,4.0,21.4,9.0,34.5822,72.0,0.0242,104.0,3,96.0,124,29.0,101.0,0.5394,77.0,674.9430144793325,30.0,22.37,3.0,9.73,11.87,False
2022,San Diego State,Pac-12,7.0,6.0,-4.4,84.0,34.5638,73.0,0.0769,53.0,9,52.0,117,24.0,119.0,0.3267,102.0,712.5790233628237,17.0,-3.34,84.0,-11.52,6.5,False
2022,Marshall,Sun Belt,9.0,4.0,3.0,60.0,34.5432,74.0,0.0565,70.0,7,65.0,124,34.0,57.0,0.5062,81.0,,,4.15,49.0,-10.86,16.23,False
2022,Charlotte,American Athletic,3.0,9.0,-16.4,118.0,34.4445,75.0,0.0709,59.0,9,52.0,127,39.0,19.0,0.9218,3.0,,,-14.8,117.0,-2.29,-11.42,False
2022,Fresno State,Pac-12,10.0,4.0,3.3,59.0,34.4182,76.0,0.0648,65.0,7,65.0,108,40.0,16.0,0.7146,35.0,628.4035591296494,49.0,5.01,46.0,0.88,3.43,False
2022,Washington State,Pac-12,7.0,6.0,9.5,37.0,34.4033,77.0,0.0083,124.0,1,119.0,121,32.0,71.0,0.0911,128.0,653.5117740688318,39.0,11.28,16.0,-1.07,11.15,False
2022,BYU,Big 12,8.0,5.0,-1.4,72.0,34.391099999999994,78.0,0.048,76.0,6,71.0,125,48.0,1.0,0.6188,63.0,705.958045798094,21.0,0.44,69.0,8.16,-6.93,False
2022,Boise State,Pac-12,10.0,4.0,5.7,52.0,34.3748,79.0,0.0189,109.0,2,107.0,106,31.0,78.0,0.6452,55.0,710.3467737689173,20.0,7.61,30.0,-2.0,9.39,False
2022,North Texas,American Athletic,7.0,7.0,-1.5,73.0,34.371599999999994,80.0,0.0435,78.0,5,77.0,115,38.0,27.0,0.7645,25.0,,,0.43,70.0,5.21,-6.2,False
2022,Tulane,American Athletic,12.0,2.0,12.4,28.0,34.3267,81.0,0.0256,103.0,3,96.0,117,37.0,35.0,0.8379,13.0,,,14.53,10.0,6.04,8.27,False
2022,Western Kentucky,Conference USA,9.0,5.0,1.7,65.0,34.2952,82.0,0.0536,72.0,6,71.0,112,40.0,16.0,0.2205,119.0,,,3.97,51.0,5.43,-2.08,False
2022,Troy,Sun Belt,12.0,2.0,8.1,44.0,34.2819,83.0,0.0484,74.0,6,71.0,124,43.0,4.0,0.6752,46.0,,,10.43,17.0,-8.14,16.84,False
2022,Toledo,Mid-American,9.0,5.0,-3.7,81.0,34.2593,84.0,0.02,107.0,2,107.0,100,35.0,51.0,0.5326,78.0,,,-1.27,75.0,-0.07,0.17,False
2022,East Carolina,American Athletic,8.0,5.0,1.1,68.0,34.225899999999996,85.0,0.0333,93.0,4,81.0,120,47.0,2.0,0.7485,29.0,,,3.69,54.0,5.82,-0.58,False
2022,Louisiana Tech,Sun Belt,3.0,9.0,-17.8,121.0,34.2083,86.0,0.0174,115.0,2,107.0,115,36.0,44.0,0.314,105.0,,,-15.13,119.0,3.97,-18.85,False
2022,UTSA,American Athletic,11.0,3.0,7.2,48.0,34.2051,87.0,0.0268,98.0,3,96.0,112,43.0,4.0,0.8481,8.0,,,9.88,19.0,13.68,-4.44,False
2022,Akron,Mid-American,2.0,10.0,-23.4,127.0,34.1878,88.0,0.0721,58.0,8,61.0,111,39.0,19.0,0.2627,115.0,,,-20.64,127.0,-8.88,-10.32,False
2022,Utah State,Pac-12,6.0,7.0,-13.3,109.0,34.1009,89.0,0.0381,83.0,4,81.0,105,31.0,78.0,0.4391,91.0,576.1446669825802,59.0,-10.15,107.0,0.07,-10.18,False
2022,Louisiana,Sun Belt,6.0,7.0,2.0,64.0,34.082499999999996,90.0,0.0145,118.0,2,107.0,138,40.0,16.0,0.3896,93.0,,,5.24,43.0,-3.58,8.05,False
2022,UNLV,Mountain West,5.0,7.0,-11.9,103.0,34.0677,91.0,0.019,108.0,2,107.0,105,26.0,112.0,0.5094,80.0,,,-8.6,101.0,-4.44,-5.73,False
2022,Temple,American Athletic,3.0,9.0,-12.9,105.0,34.0613,92.0,0.0351,89.0,4,81.0,114,34.0,57.0,0.7081,37.0,,,-9.57,105.0,-8.92,-0.22,False
2022,San José State,Mountain West,7.0,5.0,-4.3,83.0,34.0329,93.0,0.0377,84.0,4,81.0,106,36.0,44.0,0.5655,73.0,,,-0.84,74.0,-6.04,6.82,False
2022,Coastal Carolina,Sun Belt,9.0,4.0,0.6,69.0,34.0125,94.0,0.0083,124.0,1,119.0,120,31.0,78.0,0.5808,70.0,,,4.15,49.0,7.61,-2.15,False
2022,Florida International,Conference USA,4.0,8.0,-25.5,129.0,34.0108,95.0,0.018,112.0,2,107.0,111,23.0,122.0,0.4505,89.0,,,-21.94,130.0,-6.68,-13.84,False
2022,Tulsa,American Athletic,5.0,7.0,-6.1,87.0,33.999700000000004,96.0,0.0259,101.0,3,96.0,116,31.0,78.0,0.4782,86.0,,,-2.49,80.0,7.65,-10.03,False
2022,App State,Sun Belt,6.0,6.0,1.7,65.0,33.9924,97.0,0.0259,101.0,3,96.0,116,42.0,8.0,0.5791,71.0,,,5.34,42.0,7.87,-1.31,False
2022,Colorado State,Pac-12,3.0,9.0,-22.2,125.0,33.9887,98.0,0.036,86.0,4,81.0,111,31.0,78.0,0.2783,112.0,555.1866896017764,65.0,-18.54,123.0,-17.22,-0.51,False
2022,Georgia State,Sun Belt,4.0,8.0,-3.3,79.0,33.9821,99.0,0.037,85.0,4,81.0,108,39.0,19.0,0.8188,15.0,,,0.39,71.0,8.7,-9.8,False
2022,Nevada,Mountain West,2.0,10.0,-22.4,126.0,33.9803,100.0,0.0351,89.0,4,81.0,114,25.0,116.0,0.0759,129.0,,,-18.7,125.0,-9.1,-9.3,False
2022,UAB,American Athletic,7.0,6.0,-0.5,70.0,33.962500000000006,101.0,0.0484,74.0,6,71.0,124,38.0,27.0,0.7961,19.0,,,3.28,56.0,0.75,3.23,False
2022,Southern Miss,Sun Belt,7.0,6.0,-3.5,80.0,33.9533,102.0,0.0087,121.0,1,119.0,115,34.0,57.0,0.8443,10.0,,,0.32,72.0,-6.62,5.65,False
2022,Hawai'i,Mountain West,3.0,10.0,-24.7,128.0,33.936099999999996,103.0,0.0672,63.0,8,61.0,119,31.0,78.0,0.2429,118.0,,,-20.8,128.0,-9.08,-10.83,False
2022,Eastern Michigan,Mid-American,9.0,4.0,-7.1,90.0,33.9266,104.0,0.032,94.0,4,81.0,125,37.0,35.0,0.5041,82.0,,,-3.16,82.0,-0.85,-3.81,False
2022,Liberty,Conference USA,8.0,5.0,-1.5,73.0,33.90429999999999,105.0,0.0261,100.0,3,96.0,115,41.0,13.0,0.3616,98.0,,,2.54,62.0,-0.69,3.22,False
2022,Georgia Southern,Sun Belt,6.0,7.0,-6.4,88.0,33.9028,106.0,0.0224,106.0,3,96.0,134,42.0,8.0,0.6758,45.0,,,-2.35,79.0,9.52,-11.68,False
2022,Western Michigan,Mid-American,5.0,7.0,-17.3,120.0,33.8907,107.0,0.0179,113.0,2,107.0,112,33.0,65.0,0.3153,104.0,,,-13.2,115.0,-13.55,1.34,False
2022,UConn,FBS Independents,6.0,7.0,-14.6,112.0,33.8347,108.0,0.0392,81.0,4,81.0,102,17.0,130.0,0.5871,69.0,,,-10.24,108.0,-10.39,0.83,False
2022,South Alabama,Sun Belt,10.0,3.0,10.8,33.0,33.754799999999996,109.0,0.0348,91.0,4,81.0,115,31.0,78.0,0.3112,106.0,,,15.52,8.0,2.43,11.45,False
2022,Old Dominion,Sun Belt,3.0,9.0,-13.0,106.0,33.7157,110.0,0.0174,115.0,2,107.0,115,21.0,126.0,0.9409,2.0,,,-8.1,97.0,-7.36,-0.38,False
2022,Bowling Green,Mid-American,6.0,7.0,-18.1,122.0,33.712,111.0,0.0278,97.0,3,96.0,108,37.0,35.0,1.0333,1.0,,,-13.19,114.0,-0.45,-11.68,False
2022,Middle Tennessee,Conference USA,8.0,5.0,-6.9,89.0,33.690799999999996,112.0,0.0187,110.0,2,107.0,107,36.0,44.0,0.6387,57.0,,,-1.89,76.0,1.41,-4.35,False
2022,Texas State,Pac-12,4.0,8.0,-11.5,101.0,33.6763,113.0,0.0263,99.0,3,96.0,114,44.0,3.0,0.5325,79.0,674.0856313277734,31.0,-6.42,91.0,-6.75,-0.52,False
2022,Kent State,Mid-American,5.0,7.0,-13.1,108.0,33.6673,114.0,0.0396,80.0,4,81.0,101,34.0,57.0,0.4566,87.0,,,-7.98,96.0,1.47,-8.91,False
2022,Miami (OH),Mid-American,6.0,7.0,-12.7,104.0,33.6358,115.0,0.0,128.0,0,128.0,116,29.0,101.0,0.6548,53.0,,,-7.44,95.0,-15.44,6.94,False
2022,Massachusetts,Mid-American,1.0,11.0,-30.3,131.0,33.611900000000006,116.0,0.028,96.0,3,96.0,107,30.0,92.0,0.7869,21.0,,,-24.93,131.0,-16.47,-7.32,False
2022,Buffalo,Mid-American,7.0,6.0,-9.2,97.0,33.544,117.0,0.0089,119.0,1,119.0,112,33.0,65.0,0.3247,103.0,,,-3.53,86.0,1.22,-5.82,False
2022,Northern Illinois,Mountain West,3.0,9.0,-18.8,123.0,33.476699999999994,118.0,0.0083,124.0,1,119.0,120,30.0,92.0,0.8409,12.0,,,-12.82,113.0,1.7,-13.81,False
2022,Rice,American Athletic,5.0,8.0,-15.2,115.0,33.4655,119.0,0.0185,111.0,2,107.0,108,31.0,78.0,0.3566,99.0,,,-9.17,103.0,-0.47,-7.6,False
2022,New Mexico State,Conference USA,7.0,6.0,-15.4,116.0,33.438199999999995,120.0,0.0388,82.0,5,77.0,129,16.0,131.0,0.247,117.0,,,-9.25,104.0,-11.49,3.35,False
2022,Ohio,Mid-American,10.0,4.0,-4.6,85.0,33.373000000000005,121.0,0.0085,123.0,1,119.0,118,35.0,51.0,0.3535,100.0,,,1.85,64.0,8.29,-5.75,False
2022,Ball State,Mid-American,5.0,7.0,-14.9,113.0,33.305,122.0,0.0179,113.0,2,107.0,112,25.0,116.0,0.3687,96.0,,,-8.14,98.0,-7.12,-0.55,False
2022,UL Monroe,Sun Belt,4.0,8.0,-15.7,117.0,33.25749999999999,123.0,0.0238,105.0,3,96.0,126,26.0,112.0,0.6549,52.0,,,-8.73,102.0,0.21,-9.37,False
2022,Central Michigan,Mid-American,4.0,8.0,-14.0,111.0,33.2023,124.0,0.0,128.0,0,128.0,120,26.0,112.0,0.6715,49.0,,,-6.78,93.0,-3.83,-2.49,False
2022,Wyoming,Mountain West,7.0,6.0,-10.8,100.0,33.197199999999995,125.0,0.0088,120.0,1,119.0,114,23.0,122.0,0.1597,126.0,,,-3.55,87.0,-7.92,3.52,False
2022,New Mexico,Mountain West,2.0,10.0,-26.9,130.0,33.042100000000005,126.0,0.0,128.0,0,128.0,118,23.0,122.0,0.4215,92.0,,,-18.95,126.0,-16.39,-1.94,False
2022,Army,American Athletic,6.0,6.0,-1.5,73.0,32.9439,127.0,0.0061,127.0,1,119.0,164,32.0,71.0,0.6159,64.0,,,6.89,35.0,2.48,4.81,False
2022,Navy,American Athletic,4.0,8.0,-7.2,93.0,32.531499999999994,128.0,0.0,128.0,0,128.0,178,20.0,127.0,0.2196,120.0,,,3.06,57.0,-2.77,6.35,False
2022,UTEP,Mountain West,5.0,7.0,-10.7,99.0,32.149100000000004,129.0,0.0174,115.0,2,107.0,115,36.0,44.0,0.6221,62.0,,,1.29,67.0,0.9,-1.36,False
2022,James Madison,Sun Belt,8.0,3.0,6.5,51.0,28.311600000000002,130.0,0.036,86.0,4,81.0,111,20.0,127.0,,,,,35.88,2.0,22.07,13.7,False
2022,Air Force,Mountain West,10.0,3.0,3.9,58.0,26.4171,131.0,0.0087,121.0,1,119.0,115,18.0,129.0,0.7132,36.0,,,41.86,1.0,12.34,27.93,False
2023,Alabama,SEC,12.0,2.0,23.1,7.0,39.2498,1.0,0.5435,2.0,75,1.0,138,26.0,115.0,0.4133,81.0,618.0963938678451,49.0,2.73,53.0,0.35,1.58,False
2023,Georgia,SEC,13.0,1.0,31.2,2.0,38.9037,2.0,0.4925,4.0,66,3.0,134,36.0,35.0,0.388,90.0,673.9592735777821,28.0,12.53,10.0,5.89,5.75,False
2023,Ohio State,Big Ten,11.0,2.0,25.2,4.0,38.805,3.0,0.6048,1.0,75,1.0,124,35.0,44.0,0.637,43.0,586.653134194842,55.0,7.02,32.0,-3.87,10.37,False
2023,Texas A&M,SEC,7.0,6.0,15.6,16.0,38.4097,4.0,0.406,10.0,54,7.0,133,28.0,100.0,0.6489,38.0,668.3252986255286,30.0,-0.64,68.0,0.09,0.26,False
2023,Clemson,ACC,9.0,4.0,10.5,22.0,38.1905,5.0,0.4211,6.0,56,5.0,133,31.0,76.0,0.5506,61.0,534.2310492445246,70.0,-4.66,88.0,-4.58,0.55,False
2023,Texas,SEC,12.0,2.0,23.2,6.0,38.188100000000006,6.0,0.4706,5.0,56,5.0,119,28.0,100.0,0.6111,50.0,684.9154358036459,25.0,8.05,26.0,5.42,1.85,False
2023,LSU,SEC,10.0,3.0,19.1,11.0,38.186899999999994,7.0,0.3932,12.0,46,12.0,117,31.0,76.0,0.8454,10.0,714.6146597100116,20.0,3.96,48.0,10.73,-5.45,False
2023,USC,Big Ten,8.0,5.0,9.4,29.0,37.9637,8.0,0.4182,7.0,46,12.0,110,38.0,24.0,0.7605,26.0,654.4738197637505,34.0,-4.64,87.0,9.97,-12.75,False
2023,Oklahoma,SEC,10.0,3.0,15.0,17.0,37.8175,9.0,0.408,8.0,51,9.0,125,33.0,66.0,0.5199,66.0,709.9712566381097,21.0,1.68,60.0,5.52,-2.22,False
2023,Oregon,Big Ten,12.0,2.0,26.2,3.0,37.6387,10.0,0.4062,9.0,52,8.0,128,36.0,35.0,0.7854,15.0,739.6171609948926,11.0,13.76,5.0,12.46,2.58,False
2023,Notre Dame,FBS Independents,10.0,3.0,20.1,8.0,37.5859,11.0,0.4957,3.0,58,4.0,117,30.0,81.0,0.3646,94.0,,,7.92,27.0,3.88,4.2,False
2023,Miami,ACC,7.0,6.0,9.6,28.0,37.4512,12.0,0.4019,11.0,43,15.0,107,38.0,24.0,0.7219,29.0,577.5285194523576,59.0,-1.92,76.0,-1.39,-1.9,False
2023,Penn State,Big Ten,10.0,3.0,23.5,5.0,37.3779,13.0,0.384,14.0,48,10.0,125,25.0,121.0,0.3567,98.0,681.4128635480141,27.0,12.34,12.0,0.79,10.86,False
2023,Florida,SEC,5.0,7.0,6.8,41.0,37.3652,14.0,0.3846,13.0,45,14.0,117,24.0,124.0,0.3658,93.0,506.8243418785676,74.0,-4.3,85.0,-0.78,-4.61,False
2023,Michigan,Big Ten,15.0,0.0,31.3,1.0,37.342999999999996,15.0,0.3357,15.0,48,10.0,143,36.0,35.0,0.776,20.0,722.9887206281785,16.0,20.31,2.0,4.77,14.24,False
2023,Tennessee,SEC,9.0,4.0,16.2,14.0,37.1318,16.0,0.2903,17.0,36,16.0,124,37.0,30.0,0.422,79.0,751.6937547415457,8.0,6.25,35.0,3.58,2.71,False
2023,North Carolina,ACC,8.0,5.0,7.4,39.0,37.018100000000004,17.0,0.2833,18.0,34,18.0,120,42.0,5.0,0.7752,21.0,752.3516872982146,7.0,-1.99,77.0,3.36,-5.63,False
2023,Auburn,SEC,6.0,7.0,7.6,36.0,36.5489,18.0,0.2941,16.0,35,17.0,119,42.0,5.0,0.7854,15.0,572.892873241317,61.0,0.52,64.0,-3.5,3.11,False
2023,Nebraska,Big Ten,5.0,7.0,0.3,65.0,36.4767,19.0,0.1765,32.0,24,27.0,136,34.0,55.0,0.143,128.0,544.2022719666858,65.0,-6.43,99.0,-14.13,9.47,False
2023,UCLA,Big Ten,8.0,5.0,9.7,27.0,36.4752,20.0,0.2258,24.0,28,21.0,124,41.0,7.0,0.2816,107.0,880.3593364407561,1.0,2.98,52.0,-0.13,4.98,False
2023,TCU,Big 12,5.0,7.0,7.9,35.0,36.466,21.0,0.2047,27.0,26,25.0,127,34.0,55.0,0.1444,127.0,554.9822593070915,63.0,1.23,62.0,3.8,-1.9,False
2023,Florida State,ACC,13.0,1.0,19.4,9.0,36.422799999999995,22.0,0.2358,21.0,29,19.0,123,41.0,7.0,0.7799,17.0,777.0297670249022,3.0,12.94,8.0,4.5,7.0,False
2023,Ole Miss,SEC,11.0,2.0,18.4,12.0,36.417100000000005,23.0,0.186,30.0,24,27.0,129,39.0,21.0,0.6151,48.0,759.7288504552189,5.0,11.97,13.0,6.72,4.31,False
2023,Missouri,SEC,11.0,2.0,19.3,10.0,36.373799999999996,24.0,0.2091,26.0,23,29.0,110,31.0,76.0,0.6516,36.0,709.0876033428841,23.0,13.08,7.0,7.02,5.6,False
2023,South Carolina,SEC,5.0,7.0,4.3,51.0,36.3626,25.0,0.2241,25.0,26,25.0,116,29.0,93.0,0.6194,45.0,661.6543551651313,32.0,-1.86,75.0,-1.25,-1.97,False
2023,Washington,Big Ten,14.0,1.0,16.4,13.0,36.321799999999996,26.0,0.2269,23.0,27,24.0,119,35.0,44.0,0.8331,11.0,743.4528598453489,10.0,10.44,16.0,10.95,-0.98,False
2023,Louisville,ACC,10.0,4.0,8.0,33.0,36.2282,27.0,0.1864,28.0,22,30.0,118,44.0,2.0,0.2309,113.0,717.9256507099053,18.0,2.5,56.0,0.97,1.63,False
2023,Mississippi State,SEC,5.0,7.0,0.5,62.0,36.2089,28.0,0.2523,19.0,28,21.0,111,36.0,35.0,0.529,65.0,582.9309721809865,56.0,-4.91,90.0,-4.38,-0.93,False
2023,Michigan State,Big Ten,4.0,8.0,-6.8,87.0,36.195899999999995,29.0,0.1709,33.0,20,32.0,117,40.0,14.0,0.2238,115.0,547.8001004847943,64.0,-12.14,123.0,-13.35,0.0,False
2023,Wisconsin,Big Ten,7.0,6.0,9.4,29.0,36.1504,30.0,0.1557,36.0,19,35.0,122,40.0,14.0,0.5988,51.0,647.5874201935775,40.0,4.28,47.0,-6.74,10.0,False
2023,Kentucky,SEC,7.0,6.0,10.5,22.0,36.141,31.0,0.2458,20.0,29,19.0,118,30.0,81.0,0.4803,70.0,623.0930424652041,47.0,5.43,43.0,2.68,1.92,False
2023,Georgia Tech,ACC,7.0,6.0,0.3,65.0,36.101800000000004,32.0,0.1864,28.0,22,30.0,118,41.0,7.0,0.3633,96.0,732.9053532236305,12.0,-4.58,86.0,0.58,-4.89,False
2023,UCF,Big 12,6.0,7.0,3.4,57.0,36.067,33.0,0.1405,37.0,17,37.0,121,40.0,14.0,0.6805,31.0,635.1521002585881,45.0,-1.31,73.0,1.56,-0.91,False
2023,Arkansas,SEC,4.0,8.0,3.5,54.0,36.0419,34.0,0.2314,22.0,28,21.0,121,37.0,30.0,0.581,54.0,646.9686482836283,41.0,-1.09,71.0,-0.38,-2.25,False
2023,Utah,Big 12,8.0,5.0,8.5,32.0,35.9507,35.0,0.1639,34.0,20,32.0,122,33.0,66.0,0.7177,30.0,571.0624500895071,62.0,4.36,46.0,-1.75,5.15,False
2023,Stanford,ACC,3.0,9.0,-11.9,108.0,35.9165,36.0,0.1792,31.0,19,35.0,106,29.0,93.0,0.3811,91.0,453.08246175689385,75.0,-15.87,128.0,-6.97,-9.87,False
2023,Colorado,Big 12,4.0,8.0,-4.9,81.0,35.895799999999994,37.0,0.1239,42.0,14,42.0,113,30.0,81.0,0.077,131.0,598.4529658972692,54.0,-8.77,108.0,1.28,-9.73,False
2023,SMU,ACC,11.0,3.0,10.1,24.0,35.857600000000005,38.0,0.128,41.0,16,38.0,125,41.0,7.0,0.3805,92.0,814.1212858234818,2.0,6.42,34.0,5.87,1.76,False
2023,Pittsburgh,ACC,3.0,9.0,-7.3,90.0,35.808,39.0,0.1197,43.0,14,42.0,117,38.0,24.0,0.2456,112.0,709.5700608469772,22.0,-10.73,119.0,-8.81,-1.13,False
2023,Texas Tech,Big 12,7.0,6.0,6.1,43.0,35.7959,40.0,0.1167,46.0,14,42.0,120,40.0,14.0,0.7687,23.0,654.4282932310646,35.0,2.72,54.0,1.52,0.2,False
2023,NC State,ACC,9.0,4.0,7.4,39.0,35.7103,41.0,0.1639,34.0,20,32.0,122,36.0,35.0,0.3637,95.0,656.3758761284769,33.0,4.45,45.0,-2.37,5.39,False
2023,Indiana,Big Ten,3.0,9.0,-7.4,92.0,35.6617,42.0,0.1074,50.0,13,47.0,121,34.0,55.0,0.2046,117.0,580.4330130910696,57.0,-10.11,114.0,-8.15,-2.0,False
2023,Arizona State,Big 12,3.0,9.0,-11.3,107.0,35.6572,43.0,0.1186,45.0,14,42.0,118,34.0,55.0,0.6154,47.0,507.4011969751039,73.0,-13.99,125.0,-7.54,-4.69,False
2023,Iowa,Big Ten,10.0,4.0,5.8,46.0,35.610699999999994,44.0,0.1111,48.0,14,42.0,126,24.0,124.0,0.4202,80.0,639.6060883283177,43.0,3.34,50.0,-13.83,16.01,False
2023,Arizona,Big 12,10.0,3.0,14.1,18.0,35.60380000000001,45.0,0.1364,40.0,15,41.0,110,28.0,100.0,0.8459,9.0,721.7579956416571,17.0,11.67,14.0,9.69,2.22,False
2023,Cincinnati,Big 12,3.0,9.0,-6.8,87.0,35.5933,46.0,0.1071,51.0,12,51.0,112,40.0,14.0,0.0665,133.0,575.5847174930489,60.0,-9.18,112.0,-6.29,-2.95,False
2023,Baylor,Big 12,3.0,9.0,-8.3,97.0,35.57449999999999,47.0,0.1193,44.0,13,47.0,109,34.0,55.0,0.6472,39.0,538.7039314569988,69.0,-10.59,116.0,-3.04,-7.21,False
2023,Maryland,Big Ten,8.0,5.0,11.0,21.0,35.5449,48.0,0.1368,38.0,16,38.0,117,32.0,71.0,0.7793,18.0,667.5454003821592,31.0,8.86,22.0,0.83,7.86,False
2023,California,ACC,6.0,7.0,-0.1,67.0,35.496500000000005,49.0,0.1368,38.0,16,38.0,117,39.0,21.0,0.3266,104.0,717.9143078702455,19.0,-2.0,78.0,3.25,-3.14,False
2023,West Virginia,Big 12,9.0,4.0,7.5,37.0,35.46039999999999,50.0,0.0855,56.0,10,55.0,117,34.0,55.0,0.3514,100.0,732.2909308681434,13.0,5.78,37.0,4.23,1.05,False
2023,Minnesota,Big Ten,6.0,7.0,0.4,63.0,35.3801,51.0,0.0957,53.0,11,53.0,115,35.0,44.0,0.4088,84.0,527.900572864491,71.0,-0.93,70.0,-7.07,4.72,False
2023,Purdue,Big Ten,4.0,8.0,-7.3,90.0,35.3481,52.0,0.1111,48.0,13,47.0,117,36.0,35.0,0.344,101.0,651.4106402288771,36.0,-8.47,107.0,-5.19,-1.2,False
2023,Oklahoma State,Big 12,10.0,4.0,6.7,42.0,35.324799999999996,53.0,0.0635,66.0,8,61.0,126,35.0,44.0,0.3025,105.0,615.3508846438817,50.0,5.64,40.0,5.86,-1.15,False
2023,Houston,Big 12,4.0,8.0,-7.8,94.0,35.3086,54.0,0.1017,52.0,12,51.0,118,29.0,93.0,0.1651,124.0,539.4987999248267,67.0,-8.78,109.0,-1.3,-6.22,False
2023,Northwestern,Big Ten,8.0,5.0,-1.3,69.0,35.3063,55.0,0.0777,58.0,8,61.0,103,29.0,93.0,0.645,40.0,643.810052919926,42.0,-2.27,80.0,-8.39,7.49,False
2023,Iowa State,Big 12,7.0,6.0,7.5,37.0,35.2608,56.0,0.0606,68.0,8,61.0,132,25.0,121.0,0.6377,42.0,683.2487955198625,26.0,6.76,33.0,-0.38,5.99,False
2023,Memphis,American Athletic,10.0,3.0,3.5,54.0,35.1948,57.0,0.1121,47.0,13,47.0,116,37.0,30.0,0.4513,75.0,,,3.08,51.0,10.48,-7.56,False
2023,Boston College,ACC,7.0,6.0,-5.9,83.0,35.1927,58.0,0.0932,54.0,11,53.0,118,28.0,100.0,0.4068,86.0,521.9393912470765,72.0,-6.31,97.0,-4.42,-1.36,False
2023,Virginia Tech,ACC,7.0,6.0,5.8,46.0,35.1826,59.0,0.0738,60.0,9,58.0,122,31.0,76.0,0.6408,41.0,726.7454635726299,14.0,5.44,42.0,0.91,2.97,False
2023,Oregon State,Pac-12,8.0,5.0,12.6,19.0,35.1529,60.0,0.064,65.0,8,61.0,125,36.0,35.0,0.5587,58.0,770.0075033006447,4.0,12.39,11.0,6.68,4.03,False
2023,Kansas,Big 12,9.0,4.0,9.9,25.0,35.1091,61.0,0.0588,70.0,7,67.0,119,35.0,44.0,0.9966,1.0,704.8152063482303,24.0,9.9,18.0,9.18,0.33,False
2023,Rutgers,Big Ten,7.0,6.0,3.5,54.0,35.0482,62.0,0.0458,87.0,6,76.0,131,34.0,55.0,0.4538,74.0,602.1312789784605,53.0,3.8,49.0,-5.27,7.87,False
2023,Virginia,ACC,3.0,9.0,-10.8,105.0,35.0269,63.0,0.0714,62.0,9,58.0,126,31.0,76.0,0.1706,122.0,540.5474207232706,66.0,-10.39,115.0,-5.22,-5.09,False
2023,Vanderbilt,SEC,2.0,10.0,-12.7,110.0,34.991899999999994,64.0,0.0439,89.0,5,86.0,114,28.0,100.0,0.5145,67.0,622.2069033680303,48.0,-12.12,122.0,-2.53,-9.61,False
2023,Duke,ACC,8.0,5.0,9.4,29.0,34.9618,65.0,0.0367,97.0,4,96.0,109,41.0,7.0,0.9832,2.0,670.3128899468545,29.0,10.13,17.0,1.24,7.26,False
2023,South Florida,American Athletic,7.0,6.0,-6.6,85.0,34.9343,66.0,0.0776,59.0,9,58.0,116,36.0,35.0,0.2688,108.0,,,-5.74,95.0,2.41,-7.68,False
2023,Illinois,Big Ten,5.0,7.0,-2.5,75.0,34.905,67.0,0.0583,71.0,7,67.0,120,24.0,124.0,0.2046,117.0,648.5050215090486,38.0,-1.49,74.0,-4.32,2.79,False
2023,Syracuse,ACC,6.0,7.0,-4.4,80.0,34.866099999999996,68.0,0.055,77.0,6,76.0,109,26.0,115.0,0.7703,22.0,604.4223701026407,52.0,-3.2,83.0,-3.63,0.87,False
2023,Kansas State,Big 12,9.0,4.0,16.2,14.0,34.845600000000005,69.0,0.0484,84.0,6,76.0,124,26.0,115.0,0.4902,69.0,649.352361212534,37.0,17.5,4.0,13.12,5.22,False
2023,Wake Forest,ACC,4.0,8.0,-7.9,96.0,34.7749,70.0,0.0565,74.0,7,67.0,124,35.0,44.0,0.4132,82.0,580.3845390226038,58.0,-6.25,96.0,-5.41,0.28,False
2023,UAB,American Athletic,4.0,8.0,-14.7,117.0,34.7576,71.0,0.0513,80.0,6,76.0,117,27.0,107.0,0.3942,88.0,,,-12.97,124.0,1.34,-12.38,False
2023,Marshall,Sun Belt,6.0,7.0,-9.0,99.0,34.7117,72.0,0.056,76.0,7,67.0,125,30.0,81.0,0.3949,87.0,,,-7.04,100.0,-1.05,-4.18,False
2023,Charlotte,American Athletic,3.0,9.0,-21.4,129.0,34.6978,73.0,0.0667,63.0,8,61.0,120,26.0,115.0,0.1455,126.0,,,-19.37,132.0,-10.62,-7.05,False
2023,San Diego State,Pac-12,4.0,8.0,-10.3,104.0,34.6862,74.0,0.0727,61.0,8,61.0,110,30.0,81.0,0.7763,19.0,539.095954219559,68.0,-8.21,106.0,-5.99,-2.83,False
2023,East Carolina,American Athletic,2.0,10.0,-12.8,111.0,34.676899999999996,75.0,0.0488,83.0,6,76.0,123,34.0,55.0,0.0877,130.0,,,-10.67,118.0,-9.97,-0.7,False
2023,Florida Atlantic,American Athletic,4.0,8.0,-9.4,100.0,34.642399999999995,76.0,0.0614,67.0,7,67.0,114,45.0,1.0,0.446,77.0,,,-7.1,101.0,-5.48,-0.43,False
2023,BYU,Big 12,5.0,7.0,-3.3,76.0,34.587999999999994,77.0,0.0579,72.0,7,67.0,121,38.0,24.0,0.2945,106.0,613.9262693085292,51.0,-0.73,69.0,0.15,-2.71,False
2023,Tulane,American Athletic,11.0,3.0,2.8,58.0,34.5668,78.0,0.041,95.0,5,86.0,122,41.0,7.0,0.5896,53.0,,,5.47,41.0,1.4,3.24,False
2023,South Alabama,Sun Belt,7.0,6.0,5.1,49.0,34.5434,79.0,0.0504,81.0,6,76.0,119,38.0,24.0,0.8272,12.0,,,7.89,28.0,5.56,1.69,False
2023,Massachusetts,Mid-American,3.0,9.0,-17.5,125.0,34.4697,80.0,0.0917,55.0,10,55.0,109,39.0,21.0,0.5396,64.0,,,-14.35,126.0,-4.07,-8.34,False
2023,Temple,American Athletic,3.0,9.0,-21.0,127.0,34.45910000000001,81.0,0.0561,75.0,6,76.0,107,37.0,30.0,0.7683,24.0,,,-17.8,131.0,-6.24,-9.92,False
2023,Washington State,Pac-12,5.0,7.0,4.9,50.0,34.457499999999996,82.0,0.0161,120.0,2,112.0,124,32.0,71.0,0.2554,111.0,630.2908396805146,46.0,8.11,25.0,6.16,0.49,False
2023,Texas State,Pac-12,8.0,5.0,-1.6,70.0,34.43,83.0,0.0579,72.0,7,67.0,121,44.0,2.0,0.469,72.0,752.8286549185397,6.0,1.75,59.0,6.43,-5.85,False
2023,Toledo,Mid-American,11.0,3.0,3.7,53.0,34.4207,84.0,0.0424,93.0,5,86.0,118,40.0,14.0,0.7882,14.0,,,7.09,30.0,0.75,6.27,False
2023,Arkansas State,Sun Belt,6.0,7.0,-6.3,84.0,34.4159,85.0,0.0165,118.0,2,112.0,121,35.0,44.0,0.1685,123.0,,,-2.88,82.0,1.06,-4.82,False
2023,Troy,Sun Belt,11.0,3.0,9.8,26.0,34.4131,86.0,0.0336,102.0,4,96.0,119,32.0,71.0,0.5579,60.0,,,13.23,6.0,5.97,7.89,False
2023,Colorado State,Pac-12,5.0,7.0,-8.9,98.0,34.411,87.0,0.0442,88.0,5,86.0,113,23.0,128.0,0.9205,4.0,637.1906713121668,44.0,-5.46,91.0,-2.82,-4.01,False
2023,Fresno State,Pac-12,9.0,4.0,2.5,60.0,34.381699999999995,88.0,0.0357,99.0,4,96.0,112,33.0,66.0,0.1708,121.0,647.9739923875916,39.0,6.08,36.0,4.25,0.16,False
2023,UTSA,American Athletic,9.0,4.0,5.4,48.0,34.356899999999996,89.0,0.0263,106.0,3,103.0,114,40.0,14.0,0.8477,8.0,,,9.11,21.0,6.71,0.81,False
2023,Boise State,Pac-12,8.0,6.0,5.9,44.0,34.3515,90.0,0.0091,123.0,1,121.0,110,26.0,115.0,0.9256,3.0,725.570602337755,15.0,9.63,19.0,8.12,-0.08,False
2023,Coastal Carolina,Sun Belt,8.0,5.0,-1.2,68.0,34.3326,91.0,0.0431,92.0,5,86.0,116,34.0,55.0,0.9157,6.0,,,2.63,55.0,3.07,0.96,False
2023,New Mexico State,Conference USA,10.0,5.0,-1.8,73.0,34.2471,92.0,0.0787,57.0,10,55.0,127,24.0,124.0,0.8215,13.0,,,2.45,57.0,-1.03,2.56,False
2023,Nevada,Mountain West,2.0,10.0,-22.0,132.0,34.2104,93.0,0.0439,89.0,5,86.0,114,37.0,30.0,0.2257,114.0,,,-17.57,130.0,-9.64,-8.56,False
2023,Western Kentucky,Conference USA,8.0,5.0,-2.0,74.0,34.209199999999996,94.0,0.0526,79.0,6,76.0,114,34.0,55.0,0.6511,37.0,,,2.43,58.0,4.46,-1.66,False
2023,Akron,Mid-American,2.0,10.0,-21.6,130.0,34.191500000000005,95.0,0.066,64.0,7,67.0,106,27.0,107.0,0.7278,28.0,,,-17.08,129.0,-13.69,-1.62,False
2023,North Texas,American Athletic,5.0,7.0,-6.7,86.0,34.1892,96.0,0.0167,117.0,2,112.0,120,35.0,44.0,0.3582,97.0,,,-2.17,79.0,8.71,-12.81,False
2023,Liberty,Conference USA,13.0,1.0,8.0,33.0,34.183099999999996,97.0,0.0256,108.0,3,103.0,117,33.0,66.0,0.4505,76.0,,,12.56,9.0,12.03,2.2,False
2023,Tulsa,American Athletic,4.0,8.0,-13.7,113.0,34.1806,98.0,0.042,94.0,5,86.0,119,30.0,81.0,0.1726,120.0,,,-9.13,111.0,-3.27,-6.2,False
2023,App State,Sun Belt,9.0,5.0,3.8,52.0,34.1763,99.0,0.0435,91.0,5,86.0,115,30.0,81.0,0.4745,71.0,,,8.39,23.0,9.34,-2.19,False
2023,Rice,American Athletic,6.0,7.0,-10.2,103.0,34.151199999999996,100.0,0.036,98.0,4,96.0,111,25.0,121.0,0.4315,78.0,,,-5.48,93.0,1.91,-5.83,False
2023,Louisiana,Sun Belt,6.0,7.0,0.4,63.0,34.1479,101.0,0.0074,129.0,1,121.0,136,29.0,93.0,0.5974,52.0,,,5.13,44.0,8.31,-4.52,False
2023,Eastern Michigan,Mid-American,6.0,7.0,-12.3,109.0,34.1273,102.0,0.0261,107.0,3,103.0,115,32.0,71.0,0.5027,68.0,,,-7.46,102.0,-11.04,1.82,False
2023,Louisiana Tech,Sun Belt,3.0,9.0,-12.9,112.0,34.113,103.0,0.0174,115.0,2,112.0,115,33.0,66.0,0.3919,89.0,,,-7.99,105.0,-1.9,-7.34,False
2023,San José State,Mountain West,7.0,6.0,-3.4,77.0,34.11240000000001,104.0,0.0467,85.0,5,86.0,107,27.0,107.0,0.6724,34.0,,,1.51,61.0,4.1,-0.84,False
2023,Western Michigan,Mid-American,4.0,8.0,-15.9,121.0,34.0346,105.0,0.0278,103.0,3,103.0,108,30.0,81.0,0.5627,56.0,,,-10.61,117.0,-4.71,-4.37,False
2023,Middle Tennessee,Conference USA,4.0,8.0,-9.5,101.0,34.0135,106.0,0.0086,125.0,1,121.0,116,41.0,7.0,0.328,103.0,,,-4.1,84.0,-2.26,-1.12,False
2023,Utah State,Pac-12,6.0,7.0,-10.9,106.0,34.0066,107.0,0.027,104.0,3,103.0,111,21.0,130.0,0.4688,73.0,747.149698454815,9.0,-5.47,92.0,4.86,-9.71,False
2023,Hawai'i,Mountain West,5.0,8.0,-16.4,123.0,33.995999999999995,108.0,0.0593,69.0,7,67.0,118,30.0,81.0,0.5585,59.0,,,-10.92,120.0,-4.32,-6.78,False
2023,Kent State,Mid-American,1.0,11.0,-26.3,133.0,33.9871,109.0,0.049,82.0,5,86.0,102,28.0,100.0,0.0666,132.0,,,-20.77,133.0,-15.5,-5.86,False
2023,Florida International,Conference USA,4.0,8.0,-21.2,128.0,33.982299999999995,110.0,0.0177,114.0,2,112.0,113,30.0,81.0,0.6766,33.0,,,-15.65,127.0,-7.69,-6.65,False
2023,Southern Miss,Sun Belt,3.0,9.0,-14.4,116.0,33.9779,111.0,0.0093,121.0,1,121.0,108,29.0,93.0,0.5414,63.0,,,-8.83,110.0,-0.17,-7.44,False
2023,Miami (OH),Mid-American,11.0,3.0,2.8,58.0,33.977599999999995,112.0,0.0339,101.0,4,96.0,118,36.0,35.0,0.6642,35.0,,,8.37,24.0,-5.17,11.26,False
2023,UNLV,Mountain West,9.0,5.0,1.4,61.0,33.91199999999999,113.0,0.0091,123.0,1,121.0,110,35.0,44.0,0.6237,44.0,,,7.29,29.0,8.58,-3.6,False
2023,UConn,FBS Independents,3.0,9.0,-15.6,120.0,33.8785,114.0,0.0357,99.0,4,96.0,112,35.0,44.0,0.6121,49.0,,,-9.54,113.0,-6.43,-1.82,False
2023,Georgia Southern,Sun Belt,6.0,7.0,-5.2,82.0,33.8679,115.0,0.0233,111.0,3,103.0,129,34.0,55.0,0.4079,85.0,,,0.91,63.0,7.39,-7.3,False
2023,Bowling Green,Mid-American,7.0,6.0,-7.8,94.0,33.7865,116.0,0.037,96.0,4,96.0,108,44.0,2.0,0.1744,119.0,,,-1.29,72.0,-1.71,1.98,False
2023,Georgia State,Sun Belt,7.0,6.0,-6.8,87.0,33.720099999999995,117.0,0.0198,112.0,2,112.0,101,35.0,44.0,0.6801,32.0,,,0.04,65.0,5.15,-3.77,False
2023,Ohio,Mid-American,10.0,3.0,-1.6,70.0,33.6244,118.0,0.0084,127.0,1,121.0,119,30.0,81.0,0.9205,4.0,,,5.71,39.0,-4.32,11.65,False
2023,Sam Houston,Conference USA,3.0,9.0,-13.8,115.0,33.60849999999999,119.0,0.027,104.0,3,103.0,111,21.0,130.0,0.7642,25.0,,,-6.41,98.0,-6.78,0.98,False
2023,Ball State,Mid-American,4.0,8.0,-14.9,118.0,33.6043,120.0,0.0254,109.0,3,103.0,118,28.0,100.0,0.2601,110.0,,,-7.49,103.0,-10.17,3.49,False
2023,Old Dominion,Sun Belt,6.0,7.0,-10.1,102.0,33.5865,121.0,0.0085,126.0,1,121.0,117,30.0,81.0,0.2214,116.0,,,-2.6,81.0,0.37,-1.47,False
2023,Northern Illinois,Mountain West,7.0,6.0,-7.5,93.0,33.581199999999995,122.0,0.0164,119.0,2,112.0,122,38.0,24.0,0.6162,46.0,,,0.02,67.0,-4.41,5.64,False
2023,Central Michigan,Mid-American,5.0,7.0,-19.1,126.0,33.5139,123.0,0.0,132.0,0,132.0,116,27.0,107.0,0.354,99.0,,,-11.25,121.0,-5.75,-4.01,False
2023,New Mexico,Mountain West,4.0,8.0,-16.5,124.0,33.3533,124.0,0.0171,116.0,2,112.0,117,22.0,129.0,0.1498,125.0,,,-7.86,104.0,0.34,-6.85,False
2023,Wyoming,Mountain West,9.0,4.0,-3.6,78.0,33.216,125.0,0.0,132.0,0,132.0,117,32.0,71.0,0.7283,27.0,,,5.72,38.0,1.67,4.56,False
2023,Buffalo,Mid-American,3.0,9.0,-15.2,119.0,33.1704,126.0,0.0093,121.0,1,121.0,108,29.0,93.0,0.5589,57.0,,,-5.66,94.0,-6.42,1.26,False
2023,Jacksonville State,Conference USA,9.0,4.0,-1.6,70.0,32.892799999999994,127.0,0.0465,86.0,6,76.0,129,27.0,107.0,0.8545,7.0,,,9.31,20.0,3.75,5.48,False
2023,Army,American Athletic,6.0,6.0,-4.0,79.0,32.8582,128.0,0.0056,131.0,1,121.0,180,27.0,107.0,0.4106,83.0,,,7.08,31.0,-2.56,8.96,False
2023,UTEP,Mountain West,3.0,9.0,-16.2,122.0,32.7669,129.0,0.0246,110.0,3,103.0,122,26.0,115.0,0.5427,62.0,,,-4.67,89.0,-3.84,-0.34,False
2023,Navy,American Athletic,5.0,7.0,-13.7,113.0,32.3194,130.0,0.0058,130.0,1,121.0,171,27.0,107.0,0.5661,55.0,,,0.03,66.0,-4.66,5.46,False
2023,Air Force,Mountain West,9.0,4.0,5.9,44.0,32.2762,131.0,0.008,128.0,1,121.0,125,27.0,107.0,0.3293,102.0,,,19.84,3.0,6.05,11.86,False
2023,James Madison,Sun Belt,11.0,2.0,11.8,20.0,29.097900000000003,132.0,0.0179,113.0,2,112.0,112,21.0,130.0,0.1094,129.0,,,41.38,1.0,22.75,16.16,False
2023,UL Monroe,Sun Belt,2.0,10.0,-21.6,130.0,28.505399999999998,133.0,0.0531,78.0,6,76.0,113,19.0,133.0,0.2621,109.0,,,10.9,15.0,7.19,3.68,False
2024,Alabama,SEC,9.0,4.0,25.0,4.0,39.1346,1.0,0.4887,5.0,65,3.0,133,27.0,119.0,0.5803,39.0,564.3869185948105,63.0,8.02,27.0,3.72,3.59,False
2024,Georgia,SEC,11.0,3.0,24.3,6.0,38.9337,2.0,0.5147,3.0,70,1.0,136,34.0,60.0,0.6033,37.0,650.1269041496429,41.0,8.16,25.0,3.48,3.72,False
2024,Ohio State,Big Ten,14.0,2.0,31.2,1.0,38.823800000000006,3.0,0.561,1.0,69,2.0,123,34.0,60.0,0.2236,110.0,720.4368849743837,16.0,15.52,6.0,5.87,9.65,False
2024,Texas,SEC,13.0,3.0,24.1,7.0,38.3283,4.0,0.5214,2.0,61,4.0,117,30.0,96.0,0.4626,62.0,775.3331000340833,10.0,10.48,19.0,3.86,9.11,False
2024,Clemson,ACC,10.0,4.0,13.3,22.0,38.0316,5.0,0.3897,11.0,53,9.0,136,27.0,119.0,0.7712,15.0,663.7947057841823,37.0,0.92,66.0,3.19,-0.35,False
2024,LSU,SEC,9.0,4.0,15.9,15.0,37.8869,6.0,0.4909,4.0,54,7.0,110,30.0,96.0,0.2007,116.0,593.6403699718287,59.0,4.13,43.0,4.85,-0.84,False
2024,Texas A&M,SEC,8.0,5.0,17.0,13.0,37.8813,7.0,0.3592,13.0,51,12.0,142,30.0,96.0,0.5716,40.0,649.523629060063,42.0,5.25,37.0,2.06,2.27,False
2024,Oregon,Big Ten,13.0,1.0,26.0,3.0,37.82880000000001,8.0,0.4286,8.0,54,7.0,126,32.0,79.0,0.3568,84.0,683.7709121711815,32.0,14.47,7.0,8.95,4.68,False
2024,Oklahoma,SEC,6.0,7.0,9.5,33.0,37.740899999999996,9.0,0.448,7.0,56,6.0,125,35.0,50.0,0.3948,75.0,663.8315168270574,36.0,-1.66,83.0,-5.79,3.37,False
2024,Notre Dame,FBS Independents,14.0,2.0,23.9,8.0,37.7278,10.0,0.4711,6.0,57,5.0,121,33.0,72.0,0.3006,99.0,,,12.79,10.0,6.93,7.1,False
2024,Florida,SEC,8.0,5.0,13.8,20.0,37.6426,11.0,0.4015,10.0,53,9.0,132,35.0,50.0,0.7227,20.0,698.5165858956241,26.0,3.05,52.0,0.19,1.38,False
2024,Penn State,Big Ten,13.0,3.0,24.6,5.0,37.5422,12.0,0.424,9.0,53,9.0,125,35.0,50.0,0.736,17.0,777.8180627189955,8.0,14.27,8.0,6.16,8.49,False
2024,Florida State,ACC,2.0,10.0,-3.2,83.0,37.413700000000006,13.0,0.3468,14.0,43,14.0,124,39.0,25.0,0.2085,114.0,426.71686076397935,75.0,-13.0,119.0,-11.01,-3.43,False
2024,Miami,ACC,10.0,3.0,21.6,10.0,37.347300000000004,14.0,0.3115,18.0,38,18.0,122,30.0,96.0,0.474,59.0,772.7025212588526,11.0,12.08,14.0,13.21,-2.29,False
2024,USC,Big Ten,7.0,6.0,11.9,23.0,37.3375,15.0,0.3868,12.0,41,16.0,106,30.0,96.0,0.1955,117.0,685.8051883662761,31.0,2.42,55.0,4.63,-1.97,False
2024,Tennessee,SEC,10.0,3.0,22.0,9.0,37.336200000000005,16.0,0.3415,15.0,42,15.0,123,34.0,60.0,0.3318,90.0,703.0392558780359,23.0,12.52,12.0,2.73,8.54,False
2024,Michigan,Big Ten,8.0,5.0,10.6,26.0,37.191599999999994,17.0,0.3406,16.0,47,13.0,138,45.0,5.0,0.2601,104.0,625.0898443612067,50.0,1.73,58.0,-6.61,7.24,False
2024,Auburn,SEC,5.0,7.0,9.5,33.0,37.0128,18.0,0.3388,17.0,41,16.0,121,38.0,31.0,0.6984,23.0,540.1662537471551,65.0,1.37,61.0,-2.49,4.93,False
2024,Ole Miss,SEC,10.0,3.0,27.9,2.0,36.7179,19.0,0.2164,26.0,29,21.0,134,46.0,4.0,0.8148,12.0,864.3185769088369,3.0,21.0,2.0,7.84,11.46,False
2024,Missouri,SEC,10.0,3.0,14.0,19.0,36.678,20.0,0.2437,21.0,29,21.0,119,37.0,35.0,0.8756,4.0,592.8241525749862,60.0,7.27,30.0,3.91,4.74,False
2024,South Carolina,SEC,9.0,4.0,16.9,14.0,36.581599999999995,21.0,0.2417,22.0,29,21.0,120,40.0,19.0,0.1807,122.0,707.7215669823158,20.0,10.57,18.0,2.48,7.65,False
2024,North Carolina,ACC,6.0,7.0,5.0,49.0,36.551,22.0,0.2479,20.0,30,19.0,121,34.0,60.0,0.4518,64.0,724.4303136079322,15.0,-1.2,80.0,1.94,-2.59,False
2024,Nebraska,Big Ten,7.0,6.0,5.5,45.0,36.536,23.0,0.1656,38.0,25,28.0,151,27.0,119.0,0.6269,33.0,615.1933492749396,55.0,-0.64,77.0,-6.44,7.95,False
2024,SMU,ACC,11.0,3.0,17.5,12.0,36.499,24.0,0.2,29.0,25,28.0,125,44.0,9.0,0.8628,6.0,876.7753339808605,2.0,11.52,16.0,8.73,2.73,False
2024,Arkansas,SEC,7.0,6.0,11.0,24.0,36.4807,25.0,0.2339,24.0,29,21.0,124,37.0,35.0,0.5286,50.0,771.1810090289734,12.0,5.09,39.0,1.96,2.17,False
2024,Kentucky,SEC,4.0,8.0,5.5,45.0,36.463300000000004,26.0,0.2632,19.0,30,19.0,114,32.0,79.0,0.3428,87.0,492.1731431211531,71.0,-0.33,74.0,-4.91,3.0,False
2024,TCU,Big 12,9.0,4.0,10.8,25.0,36.3229,27.0,0.2016,28.0,26,26.0,129,34.0,60.0,0.4466,65.0,706.6559570754494,21.0,5.55,36.0,5.44,1.4,False
2024,Wisconsin,Big Ten,5.0,7.0,3.0,60.0,36.2851,28.0,0.2353,23.0,28,25.0,119,43.0,10.0,0.511,54.0,507.34056810890326,69.0,-2.09,86.0,-6.09,4.48,False
2024,Colorado,Big 12,9.0,4.0,8.1,39.0,36.2178,29.0,0.1909,32.0,21,33.0,110,39.0,25.0,0.6644,26.0,766.534785338,13.0,3.29,49.0,4.33,0.93,False
2024,UCLA,Big Ten,5.0,7.0,-1.3,75.0,36.1912,30.0,0.2083,27.0,25,28.0,120,39.0,25.0,0.5229,52.0,493.63331167217154,70.0,-6.0,98.0,-7.62,1.18,False
2024,Arizona State,Big 12,11.0,3.0,9.4,35.0,36.1839,31.0,0.1667,37.0,20,35.0,120,34.0,60.0,0.3168,94.0,776.078124364336,9.0,4.73,41.0,3.49,3.6,False
2024,Mississippi State,SEC,2.0,10.0,-4.1,88.0,36.1509,32.0,0.2281,25.0,26,26.0,114,29.0,107.0,0.1911,120.0,624.0684526019775,51.0,-8.63,110.0,-3.35,-6.63,False
2024,UCF,Big 12,4.0,8.0,2.8,61.0,36.1336,33.0,0.1966,31.0,23,31.0,117,40.0,19.0,0.3931,76.0,584.3284227539127,61.0,-1.66,83.0,0.18,-1.19,False
2024,Louisville,ACC,9.0,4.0,13.6,21.0,36.0788,34.0,0.1983,30.0,23,31.0,116,45.0,5.0,0.2157,112.0,828.614324160462,5.0,9.37,23.0,8.98,1.83,False
2024,Texas Tech,Big 12,8.0,5.0,4.3,54.0,36.0509,35.0,0.1557,40.0,19,40.0,122,36.0,41.0,0.5643,44.0,698.7714455965105,25.0,0.19,70.0,4.83,-6.02,False
2024,Purdue,Big Ten,1.0,11.0,-16.2,121.0,35.9808,36.0,0.1653,39.0,20,35.0,121,31.0,84.0,0.4973,56.0,522.2905640397529,67.0,-20.02,130.0,-9.34,-8.67,False
2024,Utah,Big 12,5.0,7.0,7.7,40.0,35.9649,37.0,0.1818,34.0,20,35.0,110,35.0,50.0,0.3583,83.0,628.3418731070086,49.0,3.95,45.0,-4.92,7.77,False
2024,Washington,Big Ten,6.0,7.0,3.1,58.0,35.9606,38.0,0.1909,32.0,21,33.0,110,36.0,41.0,0.0254,134.0,639.3106687346359,45.0,-0.64,77.0,-1.21,2.58,False
2024,Michigan State,Big Ten,5.0,7.0,-4.6,90.0,35.907799999999995,39.0,0.1695,36.0,20,35.0,118,37.0,35.0,0.2997,100.0,431.1552864409725,74.0,-8.12,109.0,-10.41,0.99,False
2024,Georgia Tech,ACC,7.0,6.0,1.9,66.0,35.834900000000005,40.0,0.1405,43.0,17,43.0,121,36.0,41.0,0.8264,10.0,573.5605203540243,62.0,-1.31,82.0,2.82,-2.65,False
2024,Iowa,Big Ten,8.0,5.0,15.8,16.0,35.826,41.0,0.1385,45.0,18,42.0,130,36.0,41.0,0.528,51.0,654.0158924463561,40.0,12.63,11.0,-1.27,11.97,False
2024,Pittsburgh,ACC,7.0,6.0,4.9,50.0,35.809200000000004,42.0,0.1356,47.0,16,44.0,118,35.0,50.0,0.5601,45.0,798.1273654435447,6.0,1.8,57.0,1.06,-1.0,False
2024,NC State,ACC,6.0,7.0,3.9,56.0,35.8005,43.0,0.1545,41.0,19,40.0,123,28.0,114.0,0.1225,128.0,694.7521121356542,28.0,0.83,67.0,1.68,-1.18,False
2024,Stanford,ACC,3.0,9.0,-8.2,101.0,35.7769,44.0,0.1468,42.0,16,44.0,109,29.0,107.0,0.8505,7.0,431.8157651142136,73.0,-11.17,116.0,-3.78,-8.73,False
2024,Minnesota,Big Ten,8.0,5.0,10.4,27.0,35.741099999999996,45.0,0.1391,44.0,16,44.0,115,35.0,50.0,0.5499,47.0,716.89247352628,18.0,7.58,29.0,-2.52,10.05,False
2024,California,ACC,6.0,7.0,4.0,55.0,35.6969,46.0,0.1724,35.0,20,35.0,116,29.0,107.0,0.4613,63.0,646.5531941530992,44.0,1.36,62.0,-0.64,2.64,False
2024,Baylor,Big 12,8.0,5.0,8.4,38.0,35.683800000000005,47.0,0.1364,46.0,15,48.0,110,42.0,11.0,0.5422,48.0,662.10125787149,39.0,5.82,34.0,5.49,-0.63,False
2024,Oklahoma State,Big 12,3.0,9.0,-2.6,81.0,35.5947,48.0,0.0704,69.0,10,58.0,142,45.0,5.0,0.8204,11.0,601.9226061405159,58.0,-4.81,93.0,1.55,-5.94,False
2024,Kansas,Big 12,5.0,7.0,4.9,50.0,35.5814,49.0,0.096,56.0,12,52.0,125,31.0,84.0,0.6355,31.0,670.7378374387174,35.0,2.75,54.0,4.57,-0.71,False
2024,Virginia Tech,ACC,6.0,7.0,10.0,30.0,35.5742,50.0,0.125,50.0,14,49.0,112,30.0,96.0,0.8358,9.0,694.5427069883922,29.0,7.88,28.0,3.48,3.4,False
2024,Syracuse,ACC,10.0,3.0,5.5,45.0,35.552,51.0,0.1308,49.0,14,49.0,107,34.0,60.0,0.3124,95.0,717.0079395255462,17.0,3.47,48.0,8.02,-3.05,False
2024,Vanderbilt,SEC,7.0,6.0,4.9,50.0,35.5464,52.0,0.1083,51.0,13,51.0,120,34.0,60.0,0.1633,124.0,632.5736266805882,46.0,2.89,53.0,0.43,0.46,False
2024,West Virginia,Big 12,6.0,7.0,2.1,65.0,35.4817,53.0,0.0781,63.0,10,58.0,128,36.0,41.0,0.8828,3.0,673.6954367476915,34.0,0.36,69.0,2.45,-3.7,False
2024,Maryland,Big Ten,4.0,8.0,-3.9,86.0,35.4391,54.0,0.1345,48.0,16,44.0,119,29.0,107.0,0.3753,82.0,618.6392954787734,54.0,-5.46,96.0,-4.28,-1.01,False
2024,Indiana,Big Ten,11.0,2.0,20.1,11.0,35.416,55.0,0.1034,52.0,12,52.0,116,48.0,1.0,0.4325,68.0,862.9406775455946,4.0,18.64,3.0,7.47,9.74,False
2024,Arizona,Big 12,4.0,8.0,-2.8,82.0,35.3958,56.0,0.1009,54.0,11,55.0,109,27.0,119.0,0.617,35.0,623.0196556574691,52.0,-4.18,91.0,-3.1,-2.81,False
2024,Cincinnati,Big 12,5.0,7.0,-0.1,72.0,35.334900000000005,57.0,0.0948,57.0,11,55.0,116,37.0,35.0,0.3065,97.0,560.3246215025052,64.0,-1.22,81.0,-1.79,1.32,False
2024,Northwestern,Big Ten,4.0,8.0,-8.2,101.0,35.2935,58.0,0.0721,67.0,8,69.0,111,33.0,72.0,0.4137,73.0,622.7160560624909,53.0,-9.15,111.0,-9.82,2.1,False
2024,UTSA,American Athletic,7.0,6.0,2.2,64.0,35.192499999999995,59.0,0.1017,53.0,12,52.0,118,41.0,14.0,0.3271,92.0,,,1.67,59.0,5.17,-4.88,False
2024,Virginia,ACC,5.0,7.0,-5.1,91.0,35.192499999999995,59.0,0.072,68.0,9,63.0,125,34.0,60.0,0.6215,34.0,714.1259994559957,19.0,-5.63,97.0,-3.43,-2.68,False
2024,Boston College,ACC,7.0,6.0,1.2,70.0,35.18299999999999,61.0,0.0847,59.0,10,58.0,118,42.0,11.0,0.4172,70.0,688.9866443290408,30.0,0.71,68.0,0.88,1.94,False
2024,Tulane,American Athletic,9.0,5.0,5.7,43.0,35.1738,62.0,0.075,65.0,9,63.0,120,40.0,19.0,0.3021,98.0,,,5.25,37.0,5.8,-0.44,False
2024,UAB,American Athletic,3.0,9.0,-11.3,108.0,35.1259,63.0,0.0667,71.0,8,69.0,120,33.0,72.0,0.6425,29.0,,,-11.55,117.0,-1.12,-11.24,False
2024,Rutgers,Big Ten,7.0,6.0,6.4,42.0,35.116,64.0,0.0597,77.0,8,69.0,134,33.0,72.0,0.4281,69.0,610.731579471599,56.0,6.19,32.0,1.5,3.98,False
2024,Kansas State,Big 12,9.0,4.0,14.1,18.0,35.091300000000004,65.0,0.0732,66.0,9,63.0,123,34.0,60.0,0.3901,78.0,734.0441023120766,14.0,13.99,9.0,6.05,6.44,False
2024,Iowa State,Big 12,11.0,3.0,10.3,28.0,35.0879,66.0,0.0301,109.0,4,99.0,133,30.0,96.0,0.9046,1.0,647.431766736108,43.0,10.21,21.0,3.85,6.64,False
2024,Duke,ACC,9.0,4.0,5.6,44.0,35.0667,67.0,0.0619,75.0,7,75.0,113,40.0,19.0,0.4959,57.0,790.6854047288372,7.0,5.59,35.0,-0.21,5.59,False
2024,Oregon State,Pac-12,5.0,7.0,-6.7,97.0,35.0526,68.0,0.0789,62.0,9,63.0,114,28.0,114.0,0.066,131.0,517.4358602730258,68.0,-6.65,103.0,-0.78,-5.78,False
2024,Illinois,Big Ten,10.0,3.0,9.6,31.0,35.0454,69.0,0.0847,59.0,10,58.0,118,28.0,114.0,0.3489,86.0,631.0587260824163,47.0,9.68,22.0,2.13,6.04,False
2024,Houston,Big 12,4.0,8.0,-8.2,101.0,35.0286,70.0,0.0776,64.0,9,63.0,116,36.0,41.0,0.6358,30.0,460.5087805282997,72.0,-8.05,108.0,-8.74,2.47,False
2024,South Florida,American Athletic,7.0,6.0,-2.3,79.0,34.964600000000004,71.0,0.0534,81.0,7,75.0,131,39.0,25.0,0.7894,14.0,,,-1.88,85.0,2.77,-6.29,False
2024,San Diego State,Pac-12,3.0,9.0,-15.4,119.0,34.962599999999995,72.0,0.0826,61.0,9,63.0,109,36.0,41.0,0.3839,80.0,525.2818948558597,66.0,-14.97,124.0,-9.02,-4.99,False
2024,Marshall,Sun Belt,10.0,3.0,3.1,58.0,34.946200000000005,73.0,0.0862,58.0,10,58.0,116,36.0,41.0,0.1841,121.0,,,3.6,46.0,2.91,0.25,False
2024,Southern Miss,Sun Belt,1.0,11.0,-25.6,133.0,34.866299999999995,74.0,0.0526,82.0,6,80.0,114,31.0,84.0,0.1192,129.0,,,-24.77,133.0,-12.15,-12.08,False
2024,Wake Forest,ACC,4.0,8.0,-5.7,93.0,34.860699999999994,75.0,0.0488,87.0,6,80.0,123,29.0,107.0,0.3266,93.0,628.6250487279473,48.0,-4.85,94.0,-0.74,-4.47,False
2024,Memphis,American Athletic,11.0,2.0,9.6,31.0,34.859700000000004,76.0,0.0547,79.0,7,75.0,128,42.0,11.0,0.7354,18.0,,,10.46,20.0,10.16,-0.87,False
2024,Liberty,Conference USA,8.0,4.0,0.2,71.0,34.8511,77.0,0.0339,100.0,4,99.0,118,41.0,14.0,0.7373,16.0,,,1.09,65.0,1.68,0.75,False
2024,East Carolina,American Athletic,8.0,5.0,-1.0,73.0,34.825900000000004,78.0,0.0465,89.0,6,80.0,129,39.0,25.0,0.3287,91.0,,,-0.0,73.0,2.02,-2.29,False
2024,Massachusetts,Mid-American,2.0,10.0,-21.9,129.0,34.792699999999996,79.0,0.1009,54.0,11,55.0,109,35.0,50.0,0.3386,89.0,,,-20.76,131.0,-5.92,-12.82,False
2024,Charlotte,American Athletic,5.0,7.0,-15.3,118.0,34.760999999999996,80.0,0.0678,70.0,8,69.0,118,40.0,19.0,0.6432,28.0,,,-14.03,120.0,-4.96,-10.06,False
2024,Washington State,Pac-12,8.0,5.0,1.3,68.0,34.642700000000005,81.0,0.0328,105.0,4,99.0,122,31.0,84.0,0.2654,102.0,662.5610188293281,38.0,3.06,51.0,7.85,-3.3,False
2024,Florida Atlantic,American Athletic,3.0,9.0,-12.7,113.0,34.640299999999996,82.0,0.0435,94.0,5,90.0,115,38.0,31.0,0.0258,133.0,,,-10.93,115.0,-5.35,-4.3,False
2024,Colorado State,Pac-12,8.0,5.0,-5.7,93.0,34.6199,83.0,0.0545,80.0,6,80.0,110,33.0,72.0,0.6343,32.0,705.8713639032129,22.0,-3.84,90.0,-1.91,-1.35,False
2024,Georgia State,Sun Belt,3.0,9.0,-17.9,123.0,34.5911,84.0,0.0446,92.0,5,90.0,112,41.0,14.0,0.1922,119.0,,,-15.92,125.0,-5.06,-9.49,False
2024,North Texas,American Athletic,6.0,7.0,-4.5,89.0,34.5833,85.0,0.0333,103.0,4,99.0,120,31.0,84.0,0.1946,118.0,,,-2.49,88.0,7.25,-9.08,False
2024,South Alabama,Sun Belt,7.0,6.0,2.8,61.0,34.5636,86.0,0.0328,105.0,4,99.0,122,34.0,60.0,0.2604,103.0,,,4.89,40.0,3.89,1.07,False
2024,Tulsa,American Athletic,3.0,9.0,-20.6,128.0,34.5608,87.0,0.0492,85.0,6,80.0,122,31.0,84.0,0.7075,21.0,,,-18.49,129.0,-4.81,-12.33,False
2024,BYU,Big 12,11.0,2.0,15.3,17.0,34.553399999999996,88.0,0.065,72.0,8,69.0,123,35.0,50.0,0.5678,42.0,680.3152632554275,33.0,17.44,5.0,6.01,9.19,False
2024,Boise State,Pac-12,12.0,2.0,10.1,29.0,34.5339,89.0,0.0174,122.0,2,120.0,115,32.0,79.0,0.4909,58.0,911.5410527340368,1.0,12.32,13.0,9.34,3.83,False
2024,Coastal Carolina,Sun Belt,6.0,7.0,-6.9,98.0,34.4914,90.0,0.0504,83.0,6,80.0,119,36.0,41.0,0.2685,101.0,,,-4.5,92.0,-0.38,-5.28,False
2024,UNLV,Mountain West,11.0,3.0,9.3,36.0,34.4787,91.0,0.0442,93.0,5,90.0,113,31.0,84.0,0.4161,71.0,,,11.75,15.0,6.74,3.55,False
2024,Toledo,Mid-American,8.0,5.0,-2.5,80.0,34.4457,92.0,0.0336,102.0,4,99.0,119,38.0,31.0,0.4404,67.0,,,0.09,72.0,-1.3,1.92,False
2024,UConn,FBS Independents,9.0,4.0,1.5,67.0,34.423500000000004,93.0,0.045,91.0,5,90.0,111,35.0,50.0,0.2162,111.0,,,4.18,42.0,1.14,2.57,False
2024,Middle Tennessee,Conference USA,3.0,9.0,-24.4,131.0,34.3993,94.0,0.0424,95.0,5,90.0,118,40.0,19.0,0.2314,108.0,,,-21.62,132.0,-12.02,-8.98,False
2024,App State,Sun Belt,5.0,6.0,-8.1,100.0,34.3983,95.0,0.0333,103.0,4,99.0,120,39.0,25.0,0.8714,5.0,,,-5.32,95.0,1.49,-5.28,False
2024,Arkansas State,Sun Belt,8.0,5.0,-9.9,104.0,34.379599999999996,96.0,0.0325,107.0,4,99.0,123,37.0,35.0,0.8362,8.0,,,-7.04,104.0,-1.08,-6.84,False
2024,Georgia Southern,Sun Belt,8.0,5.0,-1.7,76.0,34.346000000000004,97.0,0.0645,73.0,8,69.0,124,34.0,60.0,0.4031,74.0,,,1.3,63.0,0.88,-1.67,False
2024,Nevada,Mountain West,3.0,10.0,-15.2,117.0,34.3347,98.0,0.0636,74.0,7,75.0,110,33.0,72.0,0.4992,55.0,,,-12.15,118.0,-4.6,-5.74,False
2024,Temple,American Athletic,3.0,9.0,-20.3,127.0,34.3271,99.0,0.0268,112.0,3,111.0,112,28.0,114.0,0.2099,113.0,,,-17.22,126.0,-8.29,-9.33,False
2024,Texas State,Pac-12,8.0,5.0,5.4,48.0,34.3043,100.0,0.0424,95.0,5,90.0,118,48.0,1.0,0.3886,79.0,700.5385999799751,24.0,8.58,24.0,8.65,0.12,False
2024,Akron,Mid-American,4.0,8.0,-17.9,123.0,34.281499999999994,101.0,0.0556,78.0,6,80.0,108,26.0,123.0,0.2251,109.0,,,-14.63,122.0,-9.81,-6.03,False
2024,Louisiana,Sun Belt,10.0,4.0,4.8,53.0,34.2765,102.0,0.0074,129.0,1,124.0,135,30.0,96.0,0.4414,66.0,,,8.09,26.0,6.0,0.78,False
2024,Eastern Michigan,Mid-American,5.0,7.0,-13.3,114.0,34.2745,103.0,0.042,97.0,5,90.0,119,31.0,84.0,0.2055,115.0,,,-10.0,113.0,-4.99,-5.72,False
2024,Jacksonville State,Conference USA,9.0,5.0,-1.0,73.0,34.2671,104.0,0.0484,88.0,6,80.0,124,41.0,14.0,0.3926,77.0,,,2.33,56.0,3.32,0.3,False
2024,Fresno State,Pac-12,6.0,7.0,-3.8,85.0,34.259699999999995,105.0,0.0085,126.0,1,124.0,117,31.0,84.0,0.6824,25.0,601.9501331351423,57.0,-0.44,75.0,-0.37,1.02,False
2024,Western Kentucky,Conference USA,8.0,6.0,-2.2,78.0,34.197100000000006,106.0,0.0354,99.0,4,99.0,113,38.0,31.0,0.3827,81.0,,,1.42,60.0,-3.26,2.65,False
2024,Troy,Sun Belt,4.0,8.0,-6.6,96.0,34.1937,107.0,0.0248,117.0,3,111.0,121,26.0,123.0,0.3092,96.0,,,-2.96,89.0,-1.25,-1.34,False
2024,James Madison,Sun Belt,9.0,4.0,7.5,41.0,34.191900000000004,108.0,0.05,84.0,6,80.0,120,35.0,50.0,0.0371,132.0,,,11.14,17.0,4.35,5.86,False
2024,Western Michigan,Mid-American,6.0,7.0,-10.2,105.0,34.1676,109.0,0.0268,112.0,3,111.0,112,30.0,96.0,0.8005,13.0,,,-6.45,101.0,-0.6,-7.19,False
2024,Louisiana Tech,Sun Belt,5.0,8.0,-11.6,110.0,34.11359999999999,110.0,0.0172,123.0,2,120.0,116,31.0,84.0,0.2347,107.0,,,-7.63,106.0,-9.31,2.63,False
2024,Rice,American Athletic,4.0,8.0,-11.4,109.0,34.1077,111.0,0.0248,117.0,3,111.0,121,41.0,14.0,0.4683,60.0,,,-7.4,105.0,-4.7,-1.46,False
2024,Utah State,Pac-12,4.0,8.0,-10.4,106.0,34.0571,112.0,0.0463,90.0,5,90.0,108,32.0,79.0,0.4636,61.0,697.1131605587146,27.0,-6.19,99.0,5.09,-11.25,False
2024,Ohio,Mid-American,11.0,3.0,2.3,63.0,34.048,113.0,0.0256,115.0,3,111.0,117,26.0,123.0,0.1315,126.0,,,6.55,31.0,2.11,5.17,False
2024,Hawai'i,Mountain West,5.0,7.0,-10.9,107.0,33.9785,114.0,0.0492,85.0,6,80.0,122,33.0,72.0,0.8922,2.0,,,-6.36,100.0,-4.06,-0.78,False
2024,Sam Houston,Conference USA,10.0,3.0,-6.9,98.0,33.97800000000001,115.0,0.0254,116.0,3,111.0,118,31.0,84.0,0.4141,72.0,,,-2.36,87.0,-5.96,5.42,False
2024,New Mexico State,Conference USA,3.0,9.0,-19.0,125.0,33.9642,116.0,0.0609,76.0,7,75.0,115,21.0,131.0,0.0705,130.0,,,-14.41,121.0,-7.14,-8.85,False
2024,Miami (OH),Mid-American,9.0,5.0,1.3,68.0,33.9478,117.0,0.0259,114.0,3,111.0,116,30.0,96.0,0.5951,38.0,,,5.96,33.0,-1.71,6.08,False
2024,UTEP,Mountain West,3.0,9.0,-22.7,130.0,33.8779,118.0,0.0275,110.0,3,111.0,109,25.0,129.0,0.2354,106.0,,,-17.75,127.0,-11.08,-4.77,False
2024,Ball State,Mid-American,3.0,9.0,-19.8,126.0,33.8301,119.0,0.0339,100.0,4,99.0,118,29.0,107.0,0.5574,46.0,,,-14.65,123.0,-3.4,-11.26,False
2024,New Mexico,Mountain West,5.0,7.0,-14.8,116.0,33.7772,120.0,0.018,121.0,2,120.0,111,32.0,79.0,0.349,85.0,,,-9.42,112.0,3.0,-10.85,False
2024,Central Michigan,Mid-American,4.0,8.0,-15.8,120.0,33.717600000000004,121.0,0.0085,126.0,1,124.0,118,31.0,84.0,0.5119,53.0,,,-10.18,114.0,-6.8,-4.52,False
2024,Florida International,Conference USA,4.0,8.0,-12.1,112.0,33.7153,122.0,0.0,131.0,0,131.0,112,30.0,96.0,0.6137,36.0,,,-6.47,102.0,-3.99,-1.52,False
2024,San José State,Mountain West,7.0,6.0,-5.5,92.0,33.710899999999995,123.0,0.019,120.0,2,120.0,105,28.0,114.0,0.2357,105.0,,,0.15,71.0,1.61,-0.31,False
2024,Wyoming,Mountain West,3.0,9.0,-13.6,115.0,33.6896,124.0,0.0083,128.0,1,124.0,120,37.0,35.0,0.1799,123.0,,,-7.86,107.0,-8.15,-0.96,False
2024,Bowling Green,Mid-American,7.0,6.0,-1.8,77.0,33.6821,125.0,0.0275,110.0,3,111.0,109,48.0,1.0,0.6572,27.0,,,3.97,44.0,1.17,2.65,False
2024,Kent State,Mid-American,0.0,12.0,-33.0,134.0,33.6026,126.0,0.0087,125.0,1,124.0,115,29.0,107.0,0.7024,22.0,,,-26.9,134.0,-11.69,-13.78,False
2024,Kennesaw State,Conference USA,2.0,10.0,-25.1,132.0,33.3993,127.0,0.0323,108.0,4,99.0,124,26.0,123.0,0.7243,19.0,,,-18.15,128.0,-13.73,-4.64,False
2024,Northern Illinois,Mountain West,8.0,5.0,-3.5,84.0,33.3655,128.0,0.0,131.0,0,131.0,122,45.0,5.0,0.5338,49.0,,,3.59,47.0,-3.87,8.93,False
2024,Old Dominion,Sun Belt,5.0,7.0,-6.0,95.0,33.354,129.0,0.0094,124.0,1,124.0,106,26.0,123.0,0.5705,41.0,,,1.14,64.0,1.85,-0.75,False
2024,Buffalo,Mid-American,9.0,4.0,-4.0,87.0,33.3337,130.0,0.0,131.0,0,131.0,119,24.0,130.0,0.126,127.0,,,3.23,50.0,1.59,0.4,False
2024,Army,American Athletic,12.0,2.0,9.2,37.0,32.9944,131.0,0.022,119.0,4,99.0,182,26.0,123.0,0.6967,24.0,,,17.84,4.0,7.89,9.62,False
2024,Air Force,Mountain West,5.0,7.0,-11.7,111.0,32.480199999999996,132.0,0.0,131.0,0,131.0,129,20.0,133.0,0.339,88.0,,,-0.91,79.0,-4.49,4.92,False
2024,UL Monroe,Sun Belt,5.0,7.0,-16.7,122.0,31.206699999999994,133.0,0.041,98.0,5,90.0,122,18.0,134.0,0.1544,125.0,,,-0.6,76.0,-3.11,2.65,False
2024,Navy,American Athletic,10.0,3.0,3.5,57.0,23.3318,134.0,0.0054,130.0,1,124.0,185,21.0,131.0,0.5645,43.0,,,52.46,1.0,23.57,27.59,False
2025,Alabama,SEC,11.0,4.0,14.8,20.0,38.8968,1.0,0.5,5.0,63,3.0,126,26.0,113.0,0.2793,75.0,620.7172903789728,45.0,-6.23,95.0,-3.58,-0.5,False
2025,Georgia,SEC,12.0,2.0,24.1,6.0,38.8622,2.0,0.5303,3.0,70,1.0,132,37.0,36.0,0.3616,64.0,503.9205864288956,69.0,3.26,57.0,1.3,0.91,False
2025,Texas,SEC,10.0,3.0,16.2,17.0,38.625299999999996,3.0,0.5225,4.0,58,7.0,111,26.0,113.0,0.2474,81.0,548.1231942859524,65.0,-3.29,82.0,-2.22,-1.48,False
2025,Ohio State,Big Ten,12.0,2.0,30.1,2.0,38.519400000000005,4.0,0.5583,2.0,67,2.0,120,31.0,81.0,0.3054,71.0,643.562523287805,38.0,11.22,18.0,2.74,9.04,False
2025,Oregon,Big Ten,13.0,2.0,25.9,4.0,38.14,5.0,0.5,5.0,56,9.0,112,35.0,57.0,0.1899,97.0,834.6143754985997,8.0,9.18,24.0,4.76,4.39,False
2025,Clemson,ACC,7.0,6.0,9.5,34.0,37.9558,6.0,0.373,15.0,47,13.0,126,40.0,15.0,0.8317,3.0,618.6699082008757,46.0,-6.17,93.0,-5.99,-0.45,False
2025,LSU,SEC,7.0,6.0,10.3,32.0,37.9137,7.0,0.5676,1.0,63,3.0,111,36.0,47.0,0.6597,12.0,638.9325642492943,41.0,-5.13,90.0,-7.59,2.48,False
2025,Texas A&M,SEC,11.0,2.0,20.7,9.0,37.852000000000004,8.0,0.4662,8.0,62,5.0,133,36.0,47.0,0.5301,31.0,741.3949184466887,21.0,5.62,44.0,4.76,2.36,False
2025,Notre Dame,FBS Independents,10.0,2.0,24.4,5.0,37.8326,9.0,0.5,5.0,57,8.0,114,44.0,5.0,0.3738,60.0,,,9.43,23.0,6.8,2.52,False
2025,Michigan,Big Ten,9.0,4.0,12.4,25.0,37.7554,10.0,0.4538,10.0,54,10.0,119,42.0,7.0,0.4091,55.0,639.2330090083829,40.0,-2.13,73.0,-2.11,2.06,False
2025,Florida,SEC,4.0,8.0,3.5,63.0,37.7328,11.0,0.4333,12.0,52,11.0,120,33.0,69.0,0.5291,32.0,527.6773041236556,68.0,-10.9,114.0,-8.45,-3.48,False
2025,Auburn,SEC,5.0,7.0,11.6,29.0,37.6952,12.0,0.4087,14.0,47,13.0,115,39.0,19.0,0.2182,92.0,489.32500781291196,70.0,-2.59,79.0,-4.56,1.84,False
2025,Penn State,Big Ten,7.0,6.0,18.1,15.0,37.6411,13.0,0.4646,9.0,59,6.0,127,31.0,81.0,0.565,25.0,637.6482906932247,42.0,4.22,54.0,2.37,0.6,False
2025,Oklahoma,SEC,10.0,3.0,18.3,14.0,37.51689999999999,14.0,0.4505,11.0,50,12.0,111,31.0,81.0,0.5516,28.0,700.7593452537614,28.0,5.13,48.0,-2.33,6.88,False
2025,Miami,ACC,13.0,3.0,20.7,9.0,37.4258,15.0,0.3554,17.0,43,16.0,121,31.0,81.0,0.1223,118.0,824.7613680163005,9.0,8.04,31.0,1.99,5.75,False
2025,Tennessee,SEC,8.0,5.0,15.0,19.0,37.363499999999995,16.0,0.4273,13.0,47,13.0,110,28.0,106.0,0.2215,89.0,849.7379999682671,5.0,2.7,59.0,7.24,-5.16,False
2025,USC,Big Ten,9.0,4.0,16.9,16.0,37.164199999999994,17.0,0.3717,16.0,42,17.0,113,28.0,106.0,0.37,61.0,756.0010189275976,19.0,5.73,41.0,7.33,-0.16,False
2025,South Carolina,SEC,4.0,8.0,5.9,49.0,37.0737,18.0,0.3333,19.0,38,18.0,114,39.0,19.0,0.5915,21.0,569.3914611721474,58.0,-4.75,87.0,-6.75,0.92,False
2025,Florida State,ACC,5.0,7.0,7.2,41.0,37.016200000000005,19.0,0.3519,18.0,38,18.0,108,39.0,19.0,0.1315,114.0,702.9075343848049,27.0,-3.12,81.0,-1.91,0.09,False
2025,Ole Miss,SEC,13.0,2.0,24.0,7.0,36.9079,20.0,0.3025,21.0,36,20.0,119,34.0,63.0,0.179,100.0,839.3970411334408,7.0,14.29,13.0,9.45,3.32,False
2025,Nebraska,Big Ten,7.0,6.0,6.2,46.0,36.7541,21.0,0.272,22.0,34,21.0,125,32.0,74.0,0.4746,44.0,715.0574790418632,24.0,-2.63,80.0,-1.78,-0.62,False
2025,Missouri,SEC,8.0,5.0,14.4,21.0,36.7353,22.0,0.3148,20.0,34,21.0,108,33.0,69.0,0.154,106.0,711.3132986648789,25.0,5.68,42.0,0.67,6.74,False
2025,Colorado,Big 12,3.0,9.0,-8.3,96.0,36.4409,23.0,0.2286,25.0,24,29.0,105,42.0,7.0,0.073,127.0,475.28360698257694,71.0,-15.35,126.0,-7.21,-6.47,False
2025,Arkansas,SEC,2.0,10.0,5.1,53.0,36.382099999999994,24.0,0.2261,26.0,26,24.0,115,35.0,57.0,0.3581,65.0,756.8545563319673,18.0,-1.61,71.0,6.13,-8.19,False
2025,Mississippi State,SEC,5.0,8.0,4.1,58.0,36.347500000000004,25.0,0.2241,27.0,26,24.0,116,36.0,47.0,0.4312,50.0,656.5841870644906,37.0,-2.41,75.0,2.01,-5.69,False
2025,UCLA,Big Ten,3.0,9.0,-8.7,98.0,36.3193,26.0,0.243,24.0,26,24.0,107,39.0,19.0,0.2194,91.0,428.5059958811095,73.0,-15.05,125.0,-7.82,-7.0,False
2025,SMU,ACC,9.0,4.0,13.4,23.0,36.291399999999996,27.0,0.2137,30.0,25,28.0,117,39.0,19.0,0.5004,39.0,900.9068108604046,4.0,7.21,33.0,4.75,3.98,False
2025,Kentucky,SEC,5.0,7.0,1.8,66.0,36.2841,28.0,0.2478,23.0,28,23.0,113,36.0,47.0,0.1697,105.0,566.3583520579406,60.0,-4.35,84.0,-3.93,-0.19,False
2025,Wisconsin,Big Ten,4.0,8.0,-4.4,85.0,36.2326,29.0,0.2241,27.0,26,24.0,116,42.0,7.0,0.3963,58.0,401.4843410947136,75.0,-10.26,113.0,-11.91,2.76,False
2025,North Carolina,ACC,4.0,8.0,-6.6,91.0,36.2321,30.0,0.2018,31.0,22,31.0,109,31.0,81.0,0.1531,108.0,553.6020272138085,64.0,-12.46,118.0,-12.11,-1.34,False
2025,Texas Tech,Big 12,12.0,2.0,27.6,3.0,36.198299999999996,31.0,0.2162,29.0,24,29.0,111,41.0,14.0,0.5958,19.0,796.4503545530984,13.0,21.94,2.0,10.07,11.47,False
2025,Michigan State,Big Ten,4.0,8.0,-3.4,82.0,36.0137,32.0,0.1833,34.0,22,31.0,120,47.0,1.0,0.6606,11.0,537.3164981683794,67.0,-8.01,109.0,-2.18,-4.38,False
2025,Syracuse,ACC,3.0,9.0,-13.1,115.0,35.9759,33.0,0.128,48.0,16,44.0,125,32.0,74.0,0.1304,115.0,454.1721966703849,72.0,-17.5,129.0,-9.88,-8.56,False
2025,Arizona State,Big 12,8.0,5.0,3.9,60.0,35.9183,34.0,0.1852,33.0,20,33.0,108,38.0,29.0,0.6369,16.0,679.0103809195607,32.0,-0.17,65.0,-0.24,1.91,False
2025,Georgia Tech,ACC,9.0,4.0,9.3,35.0,35.9176,35.0,0.1481,41.0,16,44.0,108,39.0,19.0,0.6684,9.0,597.3781394446047,53.0,5.23,47.0,3.96,-0.29,False
2025,TCU,Big 12,9.0,4.0,8.3,37.0,35.8548,36.0,0.1709,38.0,20,33.0,117,32.0,74.0,0.552,27.0,747.9612608861643,20.0,4.59,50.0,4.51,0.9,False
2025,Baylor,Big 12,5.0,7.0,1.4,71.0,35.824,37.0,0.1453,43.0,17,41.0,117,40.0,15.0,0.8246,4.0,639.2867873192679,39.0,-2.13,73.0,4.48,-8.4,False
2025,UCF,Big 12,5.0,7.0,-1.2,76.0,35.821,38.0,0.1607,40.0,18,39.0,112,33.0,69.0,0.1005,124.0,615.4842342328772,47.0,-4.72,86.0,-5.11,0.91,False
2025,Minnesota,Big Ten,8.0,5.0,1.5,70.0,35.802,39.0,0.1727,35.0,19,36.0,110,39.0,19.0,0.45,45.0,567.7998524419276,59.0,-1.91,72.0,-4.46,4.16,False
2025,Virginia Tech,ACC,3.0,9.0,-10.1,105.0,35.778999999999996,40.0,0.1696,39.0,19,36.0,112,42.0,7.0,0.4015,56.0,589.7505041732874,54.0,-13.38,120.0,-6.81,-5.77,False
2025,Washington,Big Ten,9.0,4.0,18.4,13.0,35.7755,41.0,0.1905,32.0,20,33.0,105,35.0,57.0,0.4226,52.0,737.6422306272071,23.0,15.14,11.0,6.3,9.74,False
2025,UNLV,Mountain West,10.0,4.0,4.3,57.0,35.7573,42.0,0.1727,35.0,19,36.0,110,36.0,47.0,0.1537,107.0,,,1.15,62.0,5.65,-4.7,False
2025,Purdue,Big Ten,2.0,10.0,-6.1,90.0,35.7561,43.0,0.1405,44.0,17,41.0,121,33.0,69.0,0.1982,96.0,562.6867013338506,61.0,-9.25,110.0,-6.25,-4.8,False
2025,California,ACC,7.0,6.0,-3.2,80.0,35.7338,44.0,0.1404,45.0,16,44.0,114,32.0,74.0,0.0625,129.0,705.8481703462357,26.0,-6.22,94.0,-2.5,-2.73,False
2025,Iowa,Big Ten,9.0,4.0,19.7,12.0,35.7117,45.0,0.1284,47.0,14,48.0,109,34.0,63.0,0.4824,42.0,634.2159664845094,43.0,16.81,8.0,4.06,11.04,False
2025,Oklahoma State,Big 12,1.0,11.0,-15.1,121.0,35.7071,46.0,0.113,52.0,13,51.0,115,36.0,47.0,0.1019,123.0,412.7327474183455,74.0,-17.97,130.0,-12.83,-6.35,False
2025,NC State,ACC,8.0,5.0,4.8,55.0,35.6848,47.0,0.1349,46.0,17,41.0,126,23.0,125.0,0.6517,14.0,788.0485389084226,15.0,2.06,60.0,3.42,-0.18,False
2025,Stanford,ACC,4.0,8.0,-11.8,112.0,35.6767,48.0,0.1204,51.0,13,51.0,108,39.0,19.0,0.182,98.0,555.6474867275334,63.0,-14.49,124.0,-9.56,-3.26,False
2025,Utah,Big 12,11.0,2.0,22.2,8.0,35.637299999999996,49.0,0.1207,50.0,14,48.0,116,29.0,96.0,0.1396,112.0,805.7203754222033,12.0,19.73,4.0,11.84,7.96,False
2025,Louisville,ACC,9.0,4.0,12.4,25.0,35.6324,50.0,0.1468,42.0,16,44.0,109,38.0,29.0,0.3498,66.0,792.5218827402462,14.0,9.96,20.0,3.75,5.68,False
2025,Maryland,Big Ten,4.0,8.0,0.6,75.0,35.5903,51.0,0.1714,37.0,18,39.0,105,27.0,111.0,0.1298,117.0,669.8522282330663,35.0,-1.6,70.0,-3.35,0.9,False
2025,Vanderbilt,SEC,10.0,3.0,20.3,11.0,35.5851,52.0,0.1239,49.0,14,48.0,113,37.0,36.0,0.864,1.0,819.8646329119453,11.0,18.13,5.0,12.16,4.22,False
2025,Kansas,Big 12,5.0,7.0,4.1,58.0,35.5612,53.0,0.0714,74.0,8,68.0,112,30.0,94.0,0.3995,57.0,677.1949509281455,33.0,2.06,60.0,3.22,-2.81,False
2025,Kansas State,Big 12,6.0,6.0,7.0,42.0,35.5396,54.0,0.1091,53.0,12,53.0,110,34.0,63.0,0.691,6.0,614.1400272299788,48.0,5.09,49.0,3.68,0.76,False
2025,Pittsburgh,ACC,8.0,5.0,8.4,36.0,35.4306,55.0,0.0776,65.0,9,61.0,116,32.0,74.0,0.5904,22.0,822.4751794679405,10.0,7.11,34.0,4.24,2.59,False
2025,Rutgers,Big Ten,5.0,7.0,1.0,72.0,35.4041,56.0,0.0902,59.0,12,53.0,133,36.0,47.0,0.6764,7.0,545.5688843008161,66.0,-0.14,64.0,4.3,-4.53,False
2025,Memphis,American Athletic,8.0,5.0,7.6,39.0,35.3504,57.0,0.0992,56.0,12,53.0,121,46.0,3.0,0.062,130.0,,,6.77,35.0,7.13,-1.97,False
2025,Duke,ACC,9.0,5.0,6.6,44.0,35.3325,58.0,0.0874,61.0,9,61.0,103,31.0,81.0,0.1788,101.0,916.1356988384958,3.0,5.87,40.0,7.68,-2.82,False
2025,Oregon State,Pac-12,2.0,10.0,-15.9,126.0,35.3313,59.0,0.0957,57.0,11,57.0,115,37.0,36.0,0.4442,46.0,605.8050447347559,51.0,-16.63,128.0,-10.12,-4.41,False
2025,West Virginia,Big 12,4.0,8.0,-6.8,93.0,35.274,60.0,0.088,60.0,11,57.0,125,47.0,1.0,0.1721,103.0,608.5971417299174,50.0,-7.2,103.0,-4.18,-3.44,False
2025,UTSA,American Athletic,7.0,6.0,3.7,62.0,35.2522,61.0,0.1,55.0,12,53.0,120,31.0,81.0,0.8421,2.0,,,3.42,55.0,6.37,-3.37,False
2025,Tulane,American Athletic,11.0,3.0,6.3,45.0,35.24,62.0,0.0598,82.0,7,80.0,117,38.0,29.0,0.1445,110.0,,,6.09,38.0,5.5,-0.94,False
2025,Northwestern,Big Ten,7.0,6.0,5.8,51.0,35.2244,63.0,0.0721,72.0,8,68.0,111,31.0,81.0,0.2014,94.0,680.2221045371405,31.0,5.68,42.0,-2.46,6.71,False
2025,South Florida,American Athletic,9.0,4.0,11.6,29.0,35.2191,64.0,0.0763,66.0,9,61.0,118,42.0,7.0,0.2955,73.0,,,11.51,16.0,10.85,1.43,False
2025,Cincinnati,Big 12,7.0,6.0,4.5,56.0,35.212599999999995,65.0,0.0727,71.0,8,68.0,110,37.0,36.0,0.497,41.0,739.9351210000491,22.0,4.45,53.0,3.37,0.35,False
2025,Iowa State,Big 12,8.0,4.0,9.9,33.0,35.210100000000004,66.0,0.0579,87.0,7,80.0,121,35.0,57.0,0.5999,18.0,569.888552438565,57.0,9.86,21.0,1.28,7.25,False
2025,Virginia,ACC,11.0,3.0,11.1,31.0,35.1736,67.0,0.0569,89.0,7,80.0,123,42.0,7.0,0.2793,75.0,964.7886113416432,2.0,11.27,17.0,2.06,8.77,False
2025,Illinois,Big Ten,9.0,4.0,12.9,24.0,35.16850000000001,68.0,0.0763,66.0,9,61.0,118,38.0,29.0,0.5162,34.0,613.3846644961825,49.0,13.1,14.0,6.58,5.18,False
2025,Houston,Big 12,10.0,3.0,7.4,40.0,35.1596,69.0,0.0631,81.0,7,80.0,111,37.0,36.0,0.5135,35.0,630.4956377324514,44.0,7.65,32.0,4.8,3.91,False
2025,Arizona,Big 12,9.0,4.0,12.0,28.0,35.1379,70.0,0.0811,62.0,9,61.0,111,34.0,63.0,0.5609,26.0,783.5508503627044,16.0,12.38,15.0,6.35,7.47,False
2025,Indiana,Big Ten,16.0,0.0,32.4,1.0,35.125,71.0,0.0755,68.0,8,68.0,106,36.0,47.0,0.2528,79.0,1009.7569444391648,1.0,32.85,1.0,14.18,17.11,False
2025,Coastal Carolina,Sun Belt,6.0,7.0,-15.1,121.0,35.0899,72.0,0.1019,54.0,11,57.0,108,37.0,36.0,0.3629,63.0,,,-14.45,123.0,-3.13,-9.88,False
2025,Boston College,ACC,2.0,10.0,-8.5,97.0,35.0769,73.0,0.0645,80.0,8,68.0,124,36.0,47.0,0.6137,17.0,572.5411732430466,56.0,-7.78,107.0,-3.2,-5.94,False
2025,Southern Miss,Sun Belt,7.0,6.0,-7.1,94.0,35.0573,74.0,0.0811,62.0,9,61.0,111,34.0,63.0,0.1707,104.0,,,-6.27,96.0,0.55,-5.58,False
2025,Georgia State,Sun Belt,1.0,11.0,-24.5,133.0,35.028600000000004,75.0,0.0656,78.0,8,68.0,122,30.0,94.0,0.4427,47.0,,,-23.5,133.0,-7.78,-13.8,False
2025,North Texas,American Athletic,12.0,2.0,13.8,22.0,34.994,76.0,0.0796,64.0,9,61.0,113,29.0,96.0,0.2374,84.0,,,15.0,12.0,16.8,-1.19,False
2025,BYU,Big 12,12.0,2.0,15.9,18.0,34.9929,77.0,0.0696,76.0,8,68.0,115,38.0,29.0,0.3647,62.0,662.4816462422312,36.0,17.1,7.0,7.6,8.61,False
2025,South Alabama,Sun Belt,4.0,8.0,-12.7,114.0,34.9751,78.0,0.0598,82.0,7,80.0,117,31.0,81.0,0.2534,78.0,,,-11.4,116.0,-0.85,-8.53,False
2025,Colorado State,Pac-12,2.0,10.0,-15.6,124.0,34.922799999999995,79.0,0.0741,69.0,8,68.0,108,29.0,96.0,0.5035,38.0,581.0200236704509,55.0,-14.0,121.0,-8.53,-5.28,False
2025,East Carolina,American Athletic,9.0,4.0,8.0,38.0,34.896699999999996,80.0,0.0565,90.0,7,80.0,124,44.0,5.0,0.5062,36.0,,,9.75,22.0,6.54,3.7,False
2025,Marshall,Sun Belt,5.0,7.0,-4.5,86.0,34.8621,81.0,0.0943,58.0,10,60.0,106,32.0,74.0,0.0685,128.0,,,-2.55,78.0,3.62,-6.99,False
2025,App State,Sun Belt,5.0,8.0,-11.4,111.0,34.833299999999994,82.0,0.0721,72.0,8,68.0,111,31.0,81.0,0.1411,111.0,,,-9.29,111.0,-2.91,-7.31,False
2025,Texas State,Pac-12,7.0,6.0,2.3,65.0,34.8167,83.0,0.0714,74.0,8,68.0,112,42.0,7.0,0.2204,90.0,672.3336613229454,34.0,4.5,52.0,10.73,-6.66,False
2025,San Diego State,Pac-12,9.0,4.0,6.7,43.0,34.810599999999994,84.0,0.0571,88.0,6,88.0,105,37.0,36.0,0.0854,125.0,556.1362262918078,62.0,8.94,27.0,-1.45,8.36,False
2025,Tulsa,American Athletic,4.0,8.0,-10.0,104.0,34.810599999999994,84.0,0.0654,79.0,7,80.0,107,39.0,19.0,0.2351,87.0,,,-7.76,106.0,-4.15,-5.14,False
2025,Liberty,Conference USA,4.0,8.0,-9.0,102.0,34.7997,86.0,0.0283,109.0,3,107.0,106,38.0,29.0,0.3004,72.0,,,-6.7,99.0,-1.23,-4.8,False
2025,Wake Forest,ACC,9.0,4.0,5.7,52.0,34.7918,87.0,0.0331,106.0,4,100.0,121,37.0,36.0,0.2622,77.0,845.8400336988485,6.0,8.05,30.0,0.79,7.12,False
2025,Georgia Southern,Sun Belt,7.0,6.0,-9.4,103.0,34.7885,88.0,0.0684,77.0,8,68.0,117,35.0,57.0,0.6567,13.0,,,-7.03,102.0,2.5,-9.67,False
2025,UAB,American Athletic,4.0,8.0,-15.8,125.0,34.7333,89.0,0.0377,100.0,4,100.0,106,37.0,36.0,0.3173,69.0,,,-13.12,119.0,-0.17,-11.6,False
2025,Florida Atlantic,American Athletic,4.0,8.0,-8.7,98.0,34.7134,90.0,0.0545,91.0,6,88.0,110,21.0,131.0,0.2007,95.0,,,-5.91,92.0,2.18,-9.84,False
2025,Eastern Michigan,Mid-American,4.0,8.0,-14.7,119.0,34.692099999999996,91.0,0.0354,104.0,4,100.0,113,31.0,81.0,0.2521,80.0,,,-11.79,117.0,-6.17,-5.78,False
2025,Miami (OH),Mid-American,7.0,7.0,-3.4,82.0,34.655,92.0,0.0536,92.0,6,88.0,112,24.0,121.0,0.0515,132.0,,,-0.27,66.0,-6.18,4.23,False
2025,Toledo,Mid-American,8.0,5.0,6.0,48.0,34.6483,93.0,0.042,99.0,5,96.0,119,45.0,4.0,0.6764,7.0,,,9.16,25.0,0.34,9.95,False
2025,Boise State,Pac-12,9.0,5.0,3.1,64.0,34.616699999999994,94.0,0.0367,102.0,4,100.0,109,28.0,106.0,0.5744,24.0,694.7151143203236,29.0,6.44,36.0,3.72,3.45,False
2025,UTEP,Mountain West,2.0,10.0,-17.5,129.0,34.5969,95.0,0.05,94.0,6,88.0,120,29.0,96.0,0.7163,5.0,,,-14.04,122.0,-5.13,-7.69,False
2025,Fresno State,Pac-12,9.0,4.0,1.8,66.0,34.5958,96.0,0.0265,117.0,3,107.0,113,26.0,113.0,0.1735,102.0,687.9210583822352,30.0,5.26,46.0,-2.33,7.51,False
2025,UConn,FBS Independents,9.0,4.0,5.1,53.0,34.5504,97.0,0.0593,85.0,7,80.0,118,36.0,47.0,0.5494,29.0,,,8.82,28.0,6.78,0.25,False
2025,Louisiana,Sun Belt,6.0,7.0,-10.1,105.0,34.5311,98.0,0.0374,101.0,4,100.0,107,33.0,69.0,0.1472,109.0,,,-6.27,96.0,0.13,-5.19,False
2025,Arkansas State,Sun Belt,7.0,6.0,-8.8,100.0,34.4794,99.0,0.0244,121.0,3,107.0,123,34.0,63.0,0.5853,23.0,,,-4.67,85.0,-0.65,-4.54,False
2025,Troy,Sun Belt,8.0,6.0,-4.8,87.0,34.4704,100.0,0.028,111.0,3,107.0,107,24.0,121.0,0.1323,113.0,,,-0.62,68.0,-1.43,-0.01,False
2025,Florida International,Conference USA,7.0,6.0,-10.5,107.0,34.4618,101.0,0.0741,69.0,8,68.0,108,29.0,96.0,0.4213,53.0,,,-6.27,96.0,1.09,-6.78,False
2025,Jacksonville State,Conference USA,9.0,5.0,-6.7,92.0,34.4576,102.0,0.0496,95.0,6,88.0,121,27.0,111.0,0.1204,119.0,,,-2.45,76.0,2.2,-3.37,False
2025,Temple,American Athletic,5.0,7.0,-5.1,88.0,34.438900000000004,103.0,0.0259,119.0,3,107.0,116,39.0,19.0,0.4233,51.0,,,-0.74,69.0,2.15,-4.11,False
2025,Charlotte,American Athletic,1.0,11.0,-26.7,134.0,34.4084,104.0,0.0275,113.0,3,107.0,109,37.0,36.0,0.2358,86.0,,,-22.17,132.0,-10.38,-10.62,False
2025,Washington State,Pac-12,7.0,6.0,3.8,61.0,34.403999999999996,105.0,0.0252,120.0,3,107.0,119,29.0,96.0,0.1094,122.0,605.761327911398,52.0,8.36,29.0,-0.27,8.69,False
2025,Western Kentucky,Conference USA,9.0,4.0,1.6,69.0,34.3962,106.0,0.0192,123.0,2,122.0,104,40.0,15.0,0.1301,116.0,,,6.2,37.0,3.95,0.62,False
2025,Middle Tennessee,Conference USA,3.0,9.0,-16.0,127.0,34.3754,107.0,0.0354,104.0,4,100.0,113,25.0,119.0,0.2275,88.0,,,-11.28,115.0,-4.4,-7.72,False
2025,Western Michigan,Mid-American,10.0,4.0,-1.4,78.0,34.373999999999995,108.0,0.0472,97.0,5,96.0,106,37.0,36.0,0.3143,70.0,,,3.33,56.0,-3.09,7.48,False
2025,James Madison,Sun Belt,12.0,2.0,12.3,27.0,34.2498,109.0,0.0531,93.0,6,88.0,113,35.0,57.0,0.5,40.0,,,17.73,6.0,10.41,8.26,False
2025,Akron,Mid-American,5.0,7.0,-13.9,117.0,34.1453,110.0,0.0583,86.0,6,88.0,103,22.0,127.0,0.2851,74.0,,,-7.87,108.0,-7.04,0.68,False
2025,Sam Houston,Conference USA,2.0,10.0,-27.8,135.0,34.06790000000001,111.0,0.019,124.0,2,122.0,105,22.0,127.0,0.5197,33.0,,,-21.33,131.0,-8.75,-11.59,False
2025,Nevada,Mountain West,3.0,9.0,-13.4,116.0,34.04259999999999,112.0,0.0283,109.0,3,107.0,106,32.0,74.0,0.2127,93.0,,,-6.79,100.0,-9.79,1.59,False
2025,Louisiana Tech,Sun Belt,8.0,5.0,-1.3,77.0,34.0303,113.0,0.028,111.0,3,107.0,107,18.0,133.0,0.4426,48.0,,,5.38,45.0,1.64,3.32,False
2025,San José State,Mountain West,3.0,9.0,-14.3,118.0,33.9929,114.0,0.0291,107.0,3,107.0,103,29.0,96.0,0.3287,67.0,,,-7.4,104.0,-2.27,-3.96,False
2025,Ohio,Mid-American,9.0,4.0,-4.0,84.0,33.9858,115.0,0.0179,126.0,2,122.0,112,25.0,119.0,0.6482,15.0,,,2.94,58.0,-0.65,5.26,False
2025,Buffalo,Mid-American,5.0,7.0,-7.5,95.0,33.9593,116.0,0.0175,128.0,2,122.0,114,28.0,106.0,0.661,10.0,,,-0.41,67.0,-5.59,3.14,False
2025,Bowling Green,Mid-American,4.0,8.0,-12.6,113.0,33.9572,117.0,0.0185,125.0,2,122.0,108,31.0,81.0,0.0618,131.0,,,-5.5,91.0,-8.38,1.74,False
2025,Ball State,Mid-American,4.0,8.0,-23.0,132.0,33.9393,118.0,0.0275,113.0,3,107.0,109,29.0,96.0,0.0781,126.0,,,-15.8,127.0,-10.34,-3.8,False
2025,Rice,American Athletic,5.0,8.0,-14.8,120.0,33.936899999999994,119.0,0.0093,129.0,1,129.0,107,38.0,29.0,0.1113,121.0,,,-7.58,105.0,-6.03,-3.29,False
2025,Hawai'i,Mountain West,9.0,4.0,1.7,68.0,33.90939999999999,120.0,0.0265,117.0,3,107.0,113,29.0,96.0,0.3258,68.0,,,9.07,26.0,3.64,3.39,False
2025,Massachusetts,Mid-American,0.0,12.0,-36.6,136.0,33.9075,121.0,0.0206,122.0,2,122.0,97,28.0,106.0,0.2368,85.0,,,-29.22,134.0,-15.86,-12.11,False
2025,Missouri State,Conference USA,7.0,6.0,-10.7,108.0,33.9072,122.0,0.0286,108.0,3,107.0,105,26.0,113.0,0.5378,30.0,,,-3.31,83.0,1.94,-4.1,False
2025,Utah State,Pac-12,6.0,7.0,-3.1,79.0,33.8559,123.0,0.0275,113.0,3,107.0,109,26.0,113.0,0.2441,83.0,763.149754652775,17.0,4.58,51.0,5.97,-0.35,False
2025,Wyoming,Mountain West,4.0,8.0,-11.3,110.0,33.664699999999996,124.0,0.0,131.0,0,131.0,116,26.0,113.0,0.5927,20.0,,,-2.53,77.0,-7.77,6.73,False
2025,Central Michigan,Mid-American,7.0,6.0,-8.8,100.0,33.5527,125.0,0.0,131.0,0,131.0,105,23.0,125.0,-0.007,134.0,,,0.6,63.0,-5.2,6.07,False
2025,Kent State,Mid-American,5.0,7.0,-19.3,130.0,33.5102,126.0,0.0,131.0,0,131.0,103,13.0,134.0,0.1138,120.0,,,-9.65,112.0,-5.69,-3.0,False
2025,Northern Illinois,Mountain West,3.0,9.0,-16.7,128.0,33.4654,127.0,0.0,131.0,0,131.0,112,20.0,132.0,0.1791,99.0,,,-6.8,101.0,-10.59,3.93,False
2025,New Mexico,Mountain West,9.0,4.0,0.9,73.0,33.3968,128.0,0.0275,113.0,3,107.0,109,29.0,96.0,0.0283,133.0,,,11.19,19.0,2.98,6.14,False
2025,New Mexico State,Conference USA,4.0,8.0,-15.5,123.0,33.3168,129.0,0.0463,98.0,5,96.0,108,24.0,121.0,0.3958,59.0,,,-4.75,87.0,-2.53,-2.42,False
2025,Old Dominion,Sun Belt,10.0,3.0,5.9,49.0,33.3074,130.0,0.0177,127.0,2,122.0,113,24.0,121.0,0.412,54.0,,,16.7,9.0,9.4,8.81,False
2025,Army,American Athletic,7.0,6.0,0.8,74.0,32.467600000000004,131.0,0.0056,130.0,1,129.0,177,22.0,127.0,0.2472,82.0,,,16.38,10.0,4.54,10.95,False
2025,UL Monroe,Sun Belt,3.0,9.0,-21.6,131.0,32.2879,132.0,0.049,96.0,5,96.0,102,22.0,127.0,0.5045,37.0,,,-4.99,89.0,-3.63,-0.11,False
2025,Delaware,Conference USA,7.0,6.0,-10.9,109.0,32.239,133.0,0.036,103.0,4,100.0,111,31.0,81.0,0.4317,49.0,,,5.99,39.0,6.59,-0.46,False
2025,Kennesaw State,Conference USA,10.0,4.0,-5.4,89.0,30.581599999999998,134.0,0.0594,84.0,6,88.0,101,40.0,15.0,0.4751,43.0,,,20.93,3.0,10.82,10.56,False
2026,Georgia,SEC,,,,,38.7607,1.0,0.648,1.0,81,1.0,125,40.0,13.0,0.6849,21.0,,,,,,,False
2026,Texas,Big 12,,,,,38.655,2.0,0.5091,6.0,56,6.0,110,35.0,40.0,0.6961,20.0,,,,,,,False
2026,Alabama,SEC,,,,,38.5985,3.0,0.4667,7.0,56,6.0,120,31.0,64.0,0.1642,99.0,,,,,,,False
2026,Ohio State,Big Ten,,,,,38.3667,4.0,0.5167,5.0,62,4.0,120,30.0,73.0,0.6827,22.0,,,,,,,False
2026,Notre Dame,FBS Independents,,,,,38.321799999999996,5.0,0.6106,2.0,69,3.0,113,37.0,27.0,0.5145,52.0,,,,,,,False
2026,LSU,SEC,,,,,38.0874,6.0,0.5278,4.0,57,5.0,108,45.0,3.0,0.2125,92.0,,,,,,,False
2026,Texas A&M,SEC,,,,,37.981700000000004,7.0,0.582,3.0,71,2.0,122,38.0,21.0,0.7253,17.0,,,,,,,False
2026,USC,Pac-12,,,,,37.7954,8.0,0.4206,10.0,53,8.0,126,29.0,79.0,0.5774,45.0,,,,,,,False
2026,Miami,ACC,,,,,37.5656,9.0,0.4425,8.0,50,10.0,113,33.0,49.0,0.3539,72.0,,,,,,,False
2026,Michigan,Big Ten,,,,,37.528,10.0,0.4322,9.0,51,9.0,118,31.0,64.0,0.6995,18.0,,,,,,,False
2026,Ole Miss,SEC,,,,,37.5252,11.0,0.4196,11.0,47,11.0,112,34.0,43.0,0.4978,53.0,,,,,,,False
2026,South Carolina,SEC,,,,,37.491,12.0,0.4,12.0,44,12.0,110,41.0,9.0,0.7685,12.0,,,,,,,False
2026,Tennessee,SEC,,,,,37.47110000000001,13.0,0.3929,14.0,44,12.0,112,36.0,34.0,0.3414,76.0,,,,,,,False
2026,Clemson,ACC,,,,,37.261900000000004,14.0,0.3445,15.0,41,15.0,119,38.0,21.0,0.4261,60.0,,,,,,,False
2026,Oklahoma,Big 12,,,,,37.1303,15.0,0.4,12.0,44,12.0,110,31.0,64.0,0.6229,36.0,,,,,,,False
2026,Auburn,SEC,,,,,36.9953,16.0,0.3097,16.0,35,16.0,113,32.0,54.0,0.1133,114.0,,,,,,,False
2026,Mississippi State,SEC,,,,,36.597500000000004,17.0,0.2696,20.0,31,18.0,115,32.0,54.0,0.3362,77.0,,,,,,,False
2026,Missouri,SEC,,,,,36.597,18.0,0.2973,17.0,33,17.0,111,39.0,15.0,0.3951,64.0,,,,,,,False
2026,Kentucky,SEC,,,,,36.526399999999995,19.0,0.2523,22.0,28,24.0,111,41.0,9.0,0.2572,85.0,,,,,,,False
2026,Florida State,ACC,,,,,36.513200000000005,20.0,0.2736,19.0,29,21.0,106,28.0,85.0,0.3983,63.0,,,,,,,False
2026,Nebraska,Big Ten,,,,,36.50020000000001,21.0,0.25,23.0,29,21.0,116,43.0,5.0,0.4743,56.0,,,,,,,False
2026,North Carolina,ACC,,,,,36.3554,22.0,0.2477,26.0,27,25.0,109,34.0,43.0,0.265,84.0,,,,,,,False
2026,Washington,Pac-12,,,,,36.335800000000006,23.0,0.2871,18.0,29,21.0,101,26.0,91.0,0.5392,50.0,,,,,,,False
2026,Penn State,Big Ten,,,,,36.3273,24.0,0.2679,21.0,30,19.0,112,31.0,64.0,0.0709,122.0,,,,,,,False
2026,UCLA,Pac-12,,,,,36.322900000000004,25.0,0.1917,31.0,23,29.0,120,42.0,6.0,0.5816,44.0,,,,,,,False
2026,SMU,American Athletic,,,,,36.2448,26.0,0.2336,27.0,25,27.0,107,28.0,85.0,0.5631,46.0,,,,,,,False
2026,Texas Tech,Big 12,,,,,36.2162,27.0,0.25,23.0,27,25.0,108,45.0,3.0,0.543,48.0,,,,,,,False
2026,Wisconsin,Big Ten,,,,,36.2077,28.0,0.2069,28.0,24,28.0,116,39.0,15.0,0.1955,93.0,,,,,,,False
2026,Virginia Tech,ACC,,,,,36.1716,29.0,0.2479,25.0,30,19.0,121,38.0,21.0,0.3462,74.0,,,,,,,False
2026,Syracuse,ACC,,,,,36.142300000000006,30.0,0.1818,34.0,20,33.0,110,33.0,49.0,0.1018,116.0,,,,,,,False
2026,Arkansas,SEC,,,,,36.0904,31.0,0.1864,33.0,22,30.0,118,38.0,21.0,0.1514,103.0,,,,,,,False
2026,Colorado,Pac-12,,,,,36.0343,32.0,0.1905,32.0,20,33.0,105,41.0,9.0,0.1639,100.0,,,,,,,False
2026,California,Pac-12,,,,,36.0035,33.0,0.2039,30.0,21,31.0,103,36.0,34.0,0.5916,41.0,,,,,,,False
2026,Georgia Tech,ACC,,,,,35.962,34.0,0.1215,49.0,13,49.0,107,39.0,15.0,0.1146,113.0,,,,,,,False
2026,NC State,ACC,,,,,35.941,35.0,0.16,38.0,20,33.0,125,25.0,93.0,0.6073,39.0,,,,,,,False
2026,Louisville,ACC,,,,,35.9267,36.0,0.2059,29.0,21,31.0,102,42.0,6.0,0.3127,79.0,,,,,,,False
2026,Vanderbilt,SEC,,,,,35.923,37.0,0.1565,39.0,18,38.0,115,39.0,15.0,0.3573,70.0,,,,,,,False
2026,Iowa,Big Ten,,,,,35.8973,38.0,0.1712,36.0,19,37.0,111,24.0,98.0,0.3437,75.0,,,,,,,False
2026,Minnesota,Big Ten,,,,,35.822599999999994,39.0,0.177,35.0,20,33.0,113,29.0,79.0,0.6708,26.0,,,,,,,False
2026,Kansas State,Big 12,,,,,35.7964,40.0,0.1193,50.0,13,49.0,109,34.0,43.0,0.7298,16.0,,,,,,,False
2026,Indiana,Big Ten,,,,,35.7888,41.0,0.1633,37.0,16,41.0,98,31.0,64.0,0.1754,96.0,,,,,,,False
2026,TCU,Big 12,,,,,35.75620000000001,42.0,0.1552,40.0,18,38.0,116,29.0,79.0,0.2339,88.0,,,,,,,False
2026,Purdue,Big Ten,,,,,35.7392,43.0,0.1261,48.0,15,43.0,119,41.0,9.0,0.4864,54.0,,,,,,,False
2026,Maryland,Big Ten,,,,,35.7324,44.0,0.1296,46.0,14,46.0,108,38.0,21.0,0.5395,49.0,,,,,,,False
2026,Rutgers,Big Ten,,,,,35.71509999999999,45.0,0.1349,45.0,17,40.0,126,32.0,54.0,0.4114,62.0,,,,,,,False
2026,Illinois,Big Ten,,,,,35.6974,46.0,0.1293,47.0,15,43.0,116,32.0,54.0,0.2146,91.0,,,,,,,False
2026,West Virginia,Big 12,,,,,35.653999999999996,47.0,0.1356,43.0,16,41.0,118,35.0,40.0,0.1171,112.0,,,,,,,False
2026,Michigan State,Big Ten,,,,,35.6267,48.0,0.1351,44.0,15,43.0,111,37.0,27.0,0.1793,95.0,,,,,,,False
2026,Arizona State,Pac-12,,,,,35.6058,49.0,0.1386,41.0,14,46.0,101,36.0,34.0,0.138,108.0,,,,,,,False
2026,Stanford,Pac-12,,,,,35.604600000000005,50.0,0.1071,53.0,12,52.0,112,37.0,27.0,0.1443,105.0,,,,,,,False
2026,UNLV,Mountain West,,,,,35.6001,51.0,0.1111,52.0,12,52.0,108,29.0,79.0,0.1546,102.0,,,,,,,False
2026,Arizona,Pac-12,,,,,35.539,52.0,0.1359,42.0,14,46.0,103,28.0,85.0,0.5986,40.0,,,,,,,False
2026,Houston,American Athletic,,,,,35.524699999999996,53.0,0.0862,64.0,10,58.0,116,39.0,15.0,0.8114,9.0,,,,,,,False
2026,South Florida,American Athletic,,,,,35.5227,54.0,0.115,51.0,13,49.0,113,48.0,2.0,0.1409,106.0,,,,,,,False
2026,Virginia,ACC,,,,,35.4958,55.0,0.1026,55.0,12,52.0,117,49.0,1.0,0.1129,115.0,,,,,,,False
2026,Utah,Pac-12,,,,,35.4778,56.0,0.1058,54.0,11,56.0,104,30.0,73.0,0.6826,23.0,,,,,,,False
2026,Oklahoma State,Big 12,,,,,35.468599999999995,57.0,0.0708,68.0,8,66.0,113,42.0,6.0,0.0,133.0,,,,,,,False
2026,Kansas,Big 12,,,,,35.394400000000005,58.0,0.0708,68.0,8,66.0,113,32.0,54.0,0.1804,94.0,,,,,,,False
2026,Duke,ACC,,,,,35.3913,59.0,0.0891,61.0,9,62.0,101,30.0,73.0,0.1648,98.0,,,,,,,False
2026,UCF,American Athletic,,,,,35.3478,60.0,0.1019,56.0,11,56.0,108,33.0,49.0,0.2524,86.0,,,,,,,False
2026,Wake Forest,ACC,,,,,35.294999999999995,61.0,0.0874,62.0,9,62.0,103,32.0,54.0,0.145,104.0,,,,,,,False
2026,Tulane,American Athletic,,,,,35.2695,62.0,0.0684,70.0,8,66.0,117,30.0,73.0,0.135,109.0,,,,,,,False
2026,Pittsburgh,ACC,,,,,35.2407,63.0,0.0893,60.0,10,58.0,112,30.0,73.0,0.3647,69.0,,,,,,,False
2026,Georgia Southern,Sun Belt,,,,,35.2201,64.0,0.0984,57.0,12,52.0,122,36.0,34.0,0.0461,125.0,,,,,,,False
2026,Memphis,American Athletic,,,,,35.2171,65.0,0.0841,65.0,9,62.0,107,31.0,64.0,0.062,123.0,,,,,,,False
2026,Iowa State,Big 12,,,,,35.2143,66.0,0.0476,83.0,6,75.0,126,39.0,15.0,0.0233,129.0,,,,,,,False
2026,North Texas,Conference USA,,,,,35.1687,67.0,0.0943,59.0,10,58.0,106,38.0,21.0,0.0226,130.0,,,,,,,False
2026,East Carolina,American Athletic,,,,,35.1562,68.0,0.0588,72.0,7,70.0,119,37.0,27.0,0.1254,111.0,,,,,,,False
2026,Boston College,ACC,,,,,35.1536,69.0,0.0569,74.0,7,70.0,123,35.0,40.0,0.1301,110.0,,,,,,,False
2026,Coastal Carolina,FCS Independents,,,,,35.0854,70.0,0.0971,58.0,10,58.0,103,32.0,54.0,0.1387,107.0,,,,,,,False
2026,UConn,American Athletic,,,,,35.017700000000005,71.0,0.0729,66.0,7,70.0,96,34.0,43.0,0.0241,128.0,,,,,,,False
2026,Texas State,Sun Belt,,,,,34.9965,72.0,0.0467,84.0,5,79.0,107,36.0,34.0,0.7675,13.0,,,,,,,False
2026,Liberty,Big South,,,,,34.996399999999994,73.0,0.0385,92.0,4,89.0,104,36.0,34.0,0.3685,68.0,,,,,,,False
2026,Cincinnati,American Athletic,,,,,34.977199999999996,74.0,0.045,86.0,5,79.0,111,34.0,43.0,0.0781,119.0,,,,,,,False
2026,Temple,American Athletic,,,,,34.8581,75.0,0.042,87.0,5,79.0,119,31.0,64.0,0.2732,83.0,,,,,,,False
2026,Tulsa,American Athletic,,,,,34.837199999999996,76.0,0.0727,67.0,8,66.0,110,37.0,27.0,0.3029,82.0,,,,,,,False
2026,Boise State,Mountain West,,,,,34.8214,77.0,0.0263,98.0,3,95.0,114,32.0,54.0,0.6548,30.0,,,,,,,False
2026,Florida International,Conference USA,,,,,34.80199999999999,78.0,0.0874,62.0,9,62.0,103,33.0,49.0,0.3068,80.0,,,,,,,False
2026,Middle Tennessee,Conference USA,,,,,34.7299,79.0,0.0561,75.0,6,75.0,107,29.0,79.0,0.3315,78.0,,,,,,,False
2026,James Madison,CAA,,,,,34.7019,80.0,0.055,76.0,6,75.0,109,34.0,43.0,0.0858,118.0,,,,,,,False
2026,Miami (OH),Mid-American,,,,,34.700500000000005,81.0,0.0579,73.0,7,70.0,121,40.0,13.0,0.1616,101.0,,,,,,,False
2026,Troy,Sun Belt,,,,,34.6044,82.0,0.0481,82.0,5,79.0,104,25.0,93.0,0.173,97.0,,,,,,,False
2026,Florida Atlantic,Conference USA,,,,,34.601499999999994,83.0,0.0348,94.0,4,89.0,115,37.0,27.0,0.5843,43.0,,,,,,,False
2026,Jacksonville State,OVC,,,,,34.588,84.0,0.0391,89.0,5,79.0,128,19.0,108.0,0.4822,55.0,,,,,,,False
2026,Louisiana Tech,Conference USA,,,,,34.5874,85.0,0.0545,77.0,6,75.0,110,21.0,106.0,0.6341,35.0,,,,,,,False
2026,UTEP,Conference USA,,,,,34.569500000000005,86.0,0.0455,85.0,5,79.0,110,30.0,73.0,0.0296,127.0,,,,,,,False
2026,Sam Houston,Southland,,,,,34.567899999999995,87.0,0.0291,96.0,3,95.0,103,24.0,98.0,0.6201,37.0,,,,,,,False
2026,Arkansas State,Sun Belt,,,,,34.5617,88.0,0.0263,98.0,3,95.0,114,37.0,27.0,0.2303,90.0,,,,,,,False
2026,Rice,Conference USA,,,,,34.5617,88.0,0.0388,90.0,4,89.0,103,28.0,85.0,0.2424,87.0,,,,,,,False
2026,Georgia State,Sun Belt,,,,,34.538399999999996,90.0,0.0614,71.0,7,70.0,114,28.0,85.0,0.4229,61.0,,,,,,,False
2026,Charlotte,Conference USA,,,,,34.538,91.0,0.0273,97.0,3,95.0,110,31.0,64.0,0.4558,57.0,,,,,,,False
2026,Fresno State,Mountain West,,,,,34.5343,92.0,0.0087,109.0,1,105.0,115,29.0,79.0,0.3816,65.0,,,,,,,False
2026,Eastern Michigan,Mid-American,,,,,34.3703,93.0,0.0088,108.0,1,105.0,114,24.0,98.0,0.6371,34.0,,,,,,,False
2026,Missouri State,MVFC,,,,,34.3532,94.0,0.0294,95.0,3,95.0,102,24.0,98.0,0.3054,81.0,,,,,,,False
2026,Nevada,Mountain West,,,,,34.3359,95.0,0.0485,80.0,5,79.0,103,25.0,93.0,0.3551,71.0,,,,,,,False
2026,San José State,Mountain West,,,,,34.3145,96.0,0.0388,90.0,4,89.0,103,22.0,103.0,0.0384,126.0,,,,,,,False
2026,Bowling Green,Mid-American,,,,,34.3134,97.0,0.0189,100.0,2,100.0,106,24.0,98.0,-0.121,134.0,,,,,,,False
2026,Massachusetts,FBS Independents,,,,,34.295199999999994,98.0,0.0485,80.0,5,79.0,103,32.0,54.0,0.056,124.0,,,,,,,False
2026,Buffalo,Mid-American,,,,,34.2647,99.0,0.0169,104.0,2,100.0,118,22.0,103.0,0.0083,132.0,,,,,,,False
2026,New Mexico,Mountain West,,,,,34.2419,100.0,0.0179,102.0,2,100.0,112,33.0,49.0,0.5583,47.0,,,,,,,False
2026,Ball State,Mid-American,,,,,34.2311,101.0,0.0172,103.0,2,100.0,116,25.0,93.0,0.0176,131.0,,,,,,,False
2026,Northern Illinois,Mid-American,,,,,34.17659999999999,102.0,0.0351,93.0,4,89.0,114,19.0,108.0,0.4333,58.0,,,,,,,False
2026,Central Michigan,Mid-American,,,,,33.9996,103.0,0.0089,107.0,1,105.0,112,20.0,107.0,0.3702,67.0,,,,,,,False
2026,Kennesaw State,Big South,,,,,33.9583,104.0,0.0505,79.0,5,79.0,99,31.0,64.0,0.0724,121.0,,,,,,,False
2026,Hawai'i,Mountain West,,,,,33.9492,105.0,0.0182,101.0,2,100.0,110,32.0,54.0,0.6414,33.0,,,,,,,False
2026,Wyoming,Mountain West,,,,,33.9323,106.0,0.009,106.0,1,105.0,111,22.0,103.0,0.2309,89.0,,,,,,,False
2026,Kent State,Mid-American,,,,,33.7723,107.0,0.0091,105.0,1,105.0,110,25.0,93.0,0.6585,28.0,,,,,,,False
2026,Army,FBS Independents,,,,,32.691500000000005,108.0,0.0051,110.0,1,105.0,196,26.0,91.0,0.6713,25.0,,,,,,,False
2026,New Mexico State,Sun Belt,,,,,31.9498,109.0,0.0396,88.0,4,89.0,101,27.0,90.0,0.0738,120.0,,,,,,,False
2026,UL Monroe,Sun Belt,,,,,25.833599999999993,110.0,0.051,78.0,5,79.0,98,18.0,110.0,0.4308,59.0,,,,,,,False
2026,Akron,Mid-American,,,,,33.9314,,0.0659,,6,,91,36.0,,0.9575,3.0,,,,,,,True
2026,App State,Sun Belt,,,,,34.2886,,0.033,,3,,91,28.0,,0.3791,66.0,,,,,,,True
2026,BYU,FBS Independents,,,,,34.898799999999994,,0.068,,7,,103,41.0,,0.7802,11.0,,,,,,,True
2026,Baylor,Big 12,,,,,35.4543,,0.1304,,12,,92,40.0,,0.6078,38.0,,,,,,,True
2026,Colorado State,Mountain West,,,,,34.536699999999996,,0.0674,,6,,89,37.0,,0.353,73.0,,,,,,,True
2026,Delaware,CAA,,,,,31.375999999999998,,0.0377,,4,,106,39.0,,0.7978,10.0,,,,,,,True
2026,Florida,SEC,,,,,37.323800000000006,,0.4432,,39,,88,30.0,,0.6639,27.0,,,,,,,True
2026,Louisiana,Sun Belt,,,,,34.3583,,0.0294,,3,,102,42.0,,0.5334,51.0,,,,,,,True
2026,Marshall,Conference USA,,,,,34.5549,,0.0753,,7,,93,39.0,,0.9966,1.0,,,,,,,True
2026,Northwestern,Big Ten,,,,,34.9532,,0.0408,,4,,98,32.0,,0.8846,5.0,,,,,,,True
2026,Ohio,Mid-American,,,,,33.8889,,0.019,,2,,105,36.0,,0.6431,32.0,,,,,,,True
2026,Old Dominion,Conference USA,,,,,29.0631,,0.0099,,1,,101,35.0,,0.0889,117.0,,,,,,,True
2026,Oregon,Pac-12,,,,,37.7924,,0.5,,39,,78,29.0,,0.7458,15.0,,,,,,,True
2026,Oregon State,Pac-12,,,,,35.068299999999994,,0.0968,,9,,93,39.0,,0.59,42.0,,,,,,,True
2026,San Diego State,Mountain West,,,,,34.4901,,0.0345,,3,,87,33.0,,0.9861,2.0,,,,,,,True
2026,South Alabama,Sun Belt,,,,,34.530699999999996,,0.0594,,6,,101,36.0,,0.8313,7.0,,,,,,,True
2026,Southern Miss,Conference USA,,,,,34.2989,,0.0667,,6,,90,36.0,,0.8314,6.0,,,,,,,True
2026,Toledo,Mid-American,,,,,34.0758,,0.0253,,2,,79,34.0,,0.6528,31.0,,,,,,,True
2026,UAB,Conference USA,,,,,34.376999999999995,,0.0323,,3,,93,40.0,,0.699,19.0,,,,,,,True
2026,UTSA,Conference USA,,,,,34.9749,,0.0857,,9,,105,41.0,,0.6564,29.0,,,,,,,True
2026,Utah State,Mountain West,,,,,33.6061,,0.0306,,3,,98,31.0,,0.6759,24.0,,,,,,,True
2026,Washington State,Pac-12,,,,,34.1742,,0.0312,,3,,96,37.0,,0.7481,14.0,,,,,,,True
2026,Western Kentucky,Conference USA,,,,,34.0732,,0.0114,,1,,88,48.0,,0.8219,8.0,,,,,,,True
2026,Western Michigan,Mid-American,,,,,34.3137,,0.0485,,5,,103,45.0,,0.9245,4.0,,,,,,,True
